year,name,uid,pdf
2014,Foot of the Charles,1942422,data/raw/row2k\2014_foot_of_the_charles.pdf
2014,Head of the Harbor,4751836,
2014,Star Head of the River,6310430,data/raw/row2k\2014_star_head_of_the_river.pdf
2014,Foot of the Charles,3955115,data/raw/row2k\2014_foot_of_the_charles.pdf
2014,San Diego Fall Classic,9824203,data/raw/row2k\2014_san_diego_fall_classic.pdf
2014,Snowflake Regatta,2067814,data/raw/row2k\2014_snowflake_regatta.pdf
2014,Head of the Snake: Washington State University vs. Gonzaga & Western Washington,6138792,
2014,Rutgers Fall Classic Regatta,9195819,
2014,Merrimack Chase Regatta,4347824,data/raw/row2k\2014_merrimack_chase_regatta.pdf
2014,Fall Classic,5923229,
2014,Wichita Frostbite Regatta,9721678,data/raw/row2k\2014_wichita_frostbite_regatta.pdf
2014,Head of the Fish (Sunday AM),6756524,
2014,Head of the Fish (Sunday PM),7230123,
2014,Head of the Eagle,968821,data/raw/row2k\2014_head_of_the_eagle.pdf
2014,Head of the Fish (Saturday),343630,data/raw/row2k\2014_head_of_the_fish_saturday.pdf
2014,Head of the American,2506845,data/raw/row2k\2014_head_of_the_american.pdf
2014,Head of the Colorado (PumpkinHead),720657,
2014,Head of the Spokane,9611552,
2014,Tail of the Tiger,2119634,data/raw/row2k\2014_tail_of_the_tiger.pdf
2014,American Lake Fall Classic,6880772,data/raw/row2k\2014_american_lake_fall_classic.pdf
2014,Head of the Grand,590121,data/raw/row2k\2014_head_of_the_grand.pdf
2014,Head of the Rock,426397,data/raw/row2k\2014_head_of_the_rock.pdf
2014,Head of the Niagara Wright Regatta,7617254,data/raw/row2k\2014_head_of_the_niagara_wright_regatta.pdf
2014,Head of the Port,1652079,data/raw/row2k\2014_head_of_the_port.pdf
2014,Columbus Fall Classic,5679363,data/raw/row2k\2014_columbus_fall_classic.pdf
2014,Head of the Indian Creek,419145,data/raw/row2k\2014_head_of_the_indian_creek.pdf
2014,Head of the Hillsborough,6962752,data/raw/row2k\2014_head_of_the_hillsborough.pdf
2014,Head of the Passaic,1725173,data/raw/row2k\2014_head_of_the_passaic.pdf
2014,Bucknell Fall Classic,132041,
2014,Textile River Regatta,8632233,data/raw/row2k\2014_textile_river_regatta.pdf
2014,Head of the Mississippi,4209290,data/raw/row2k\2014_head_of_the_mississippi.pdf
2014,Tail of the Fox Regatta,1602978,data/raw/row2k\2014_tail_of_the_fox_regatta.pdf
2014,Head of the Mohawk,8542440,data/raw/row2k\2014_head_of_the_mohawk.pdf
2014,Head of the Genesee (Saturday),1838077,data/raw/row2k\2014_head_of_the_genesee_saturday.pdf
2014,Head of the Potomac,7167912,
2014,Head of the Brazos,9208329,data/raw/row2k\2014_head_of_the_brazos.pdf
2014,Head of the Anacostia,5498973,
2014,Head of the Merrimack,5239401,data/raw/row2k\2014_head_of_the_merrimack.pdf
2014,Tail of the Fish,9698175,data/raw/row2k\2014_tail_of_the_fish.pdf
2014,Head of the North Saskatchewan,6674059,data/raw/row2k\2014_head_of_the_north_saskatchewan.pdf
2014,Head of the Pend Oreille,1899019,
2014,Head of the Cuyahoga,1100799,data/raw/row2k\2014_head_of_the_cuyahoga.pdf
2014,Head of the Hudson,8534191,data/raw/row2k\2014_head_of_the_hudson.pdf
2014,Head of The Tomahawk,7746553,
2014,Head of the Reach,470365,data/raw/row2k\2014_head_of_the_reach.pdf
2014,Head of the River,8309450,data/raw/row2k\2014_head_of_the_river.pdf
2014,Schuylkill Skiff,9632945,data/raw/row2k\2014_schuylkill_skiff.pdf
2014,Head of the Kevin,4865516,data/raw/row2k\2014_head_of_the_kevin.pdf
2014,Muskoka Fall Classic,5290909,data/raw/row2k\2014_muskoka_fall_classic.pdf
2014,Tail of the Bear,3576158,data/raw/row2k\2014_tail_of_the_bear.pdf
2014,Occoquan Master Sprints,3570481,data/raw/row2k\2014_occoquan_master_sprints.pdf
2014,"Boys fours: Canterbury School vs. Berkshire, Chase, Derryfield, Hopkins, Mariana",5704922,
2014,"Chase Collegiate School vs. Hopkins, Forman and Westover",3012992,
2014,Boys: Lyme Old Lyme vs. Chase School,3486225,
2014,Girls: Lyme Old Lyme vs. Chase School; Valley Regional,79031,
2014,"Glastonbury High School (Boys) vs. Hanover HS, East Lyme HS, Riverfront Recaptur",9780186,
2014,"Glastonbury High School (Girls) vs. Hanover HS, East Lyme HS, Riverfront Recaptu",7960436,
2014,Boys Fours: The Gunnery vs. Canterbury and Chase,9835133,
2014,Girls Fours: The Gunnery vs. Canterbury and Chase,4210168,
2014,"Boys' Fours: Berkshire School vs. Chase Collegiate, Choate, Taft",6790687,
2014,"Girls' Fours: Berkshire School vs. Choate, Taft, Chase Collegiate",224593,
2014,"BOYS : Bethesda-Chevy Chase High School (B-CC) vs. St. Albans School (STA), Atla",2438638,
2014,GIRLS: Bethesda-Chevy Chase High School vs. National Cathedral School and Atlant,5854355,
2014,"FOURS: Bancroft School vs. Canterbury, CRLS, Hopkins, Chase Collegiate, Worceste",5646423,
2014,Bethesda - Chevy Chase HS vs. Gonzaga HS and Dematha HS Boys,8623066,
2014,Bethesda - Chevy Chase HS Girls vs. Georgetown Visitation,7136029,
2014,Northwestern State vs. U of Charleston & U of Texas,4419511,
2015,Newport Chase,8792642,data/raw/row2k\2015_newport_chase.pdf
2015,Head of the Giblet,6421769,data/raw/row2k\2015_head_of_the_giblet.pdf
2015,Tail of the Charles,1160794,data/raw/row2k\2015_tail_of_the_charles.pdf
2015,San Diego Fall Classic,2534200,data/raw/row2k\2015_san_diego_fall_classic.pdf
2015,Head of the Snake: Washington State University vs. Gonzaga,7426796,
2015,Women's Foot of the Charles,1558059,
2015,Head of the South,1793242,data/raw/row2k\2015_head_of_the_south.pdf
2015,Fall Classic,1579402,
2015,Head of the Lagoon - Masters & Juniors,5785771,data/raw/row2k\2015_head_of_the_lagoon_masters_juniors.pdf
2015,Snowflake Regatta,9779359,data/raw/row2k\2015_snowflake_regatta.pdf
2015,Hidden River Chase Regatta,8294378,
2015,Head of the Harbor,1942709,
2015,Rutgers Fall Classic,2151023,
2015,Head of the Lagoon - Collegiate & Masters,1544004,data/raw/row2k\2015_head_of_the_lagoon_collegiate_masters.pdf
2015,Merrimack Chase,9967938,data/raw/row2k\2015_merrimack_chase.pdf
2015,Philadelphia Frostbite Regatta,8821737,data/raw/row2k\2015_philadelphia_frostbite_regatta.pdf
2015,Princeton 3-Mile Chase,74759,data/raw/row2k\2015_princeton_3_mile_chase.pdf
2015,Head of the Occoquan (Sunday),5287786,data/raw/row2k\2015_head_of_the_occoquan_sunday.pdf
2015,Head of the Fish (Sunday AM),9625285,data/raw/row2k\2015_head_of_the_fish_sunday_am.pdf
2015,Head of the Fish (Sunday PM),4396102,data/raw/row2k\2015_head_of_the_fish_sunday_pm.pdf
2015,Wichita Frostbite Regatta,1730983,data/raw/row2k\2015_wichita_frostbite_regatta.pdf
2015,Portland Fall Classic,4078686,data/raw/row2k\2015_portland_fall_classic.pdf
2015,Head of The Fish (Saturday AM),3899530,data/raw/row2k\2015_head_of_the_fish_saturday_am.pdf
2015,Head of the Marina,5381932,data/raw/row2k\2015_head_of_the_marina.pdf
2015,Head of the Eagle,5450162,data/raw/row2k\2015_head_of_the_eagle.pdf
2015,Head of The Fish (Saturday PM),492871,data/raw/row2k\2015_head_of_the_fish_saturday_pm.pdf
2015,Head of the Occoquan (Saturday),806104,data/raw/row2k\2015_head_of_the_occoquan_saturday.pdf
2015,Head/Tail of the Gorge,2655380,data/raw/row2k\2015_head_tail_of_the_gorge.pdf
2015,Head of the Schuylkill,7111870,data/raw/row2k\2015_head_of_the_schuylkill.pdf
2015,Muskie Chase,2707630,data/raw/row2k\2015_muskie_chase.pdf
2015,Head of the American,8771715,
2015,Head of the Fox,2644801,
2015,Head of the American,6902701,data/raw/row2k\2015_head_of_the_american.pdf
2015,American Lake Fall Classic,6999197,data/raw/row2k\2015_american_lake_fall_classic.pdf
2015,Head Of The Charles,0E88DCF232F468E11E0BF11167DB452E,data/raw/row2k\2015_head_of_the_charles.pdf
2015,Head of the Rock,5071864,data/raw/row2k\2015_head_of_the_rock.pdf
2015,Head of the Port,6247445,data/raw/row2k\2015_head_of_the_port.pdf
2015,Occoquan Chase,512616,
2015,Head of the Quinobequin,9595938,
2015,Head of the Spokane: Gonzaga University vs. Washington State,1313510,
2015,Head of the Housatonic,6973381,data/raw/row2k\2015_head_of_the_housatonic.pdf
2015,Head of the Kevin 3,1314418,
2015,Head of the Estuary,4526733,
2015,Head of the Grand,3918195,data/raw/row2k\2015_head_of_the_grand.pdf
2015,Columbus Fall Classic,8170145,data/raw/row2k\2015_columbus_fall_classic.pdf
2015,Head of the Genesee - Masters & High School,4203093,data/raw/row2k\2015_head_of_the_genesee_masters_high_school.pdf
2015,Head of the Ohio,2983328,data/raw/row2k\2015_head_of_the_ohio.pdf
2015,Tail of The Lake,5955547,data/raw/row2k\2015_tail_of_the_lake.pdf
2015,Textile River Regatta,8975838,data/raw/row2k\2015_textile_river_regatta.pdf
2015,Head of the Oklahoma,6372997,data/raw/row2k\2015_head_of_the_oklahoma.pdf
2015,Occoquan Challenge,560306,
2015,Head of the Riverfront,5410774,data/raw/row2k\2015_head_of_the_riverfront.pdf
2015,26th Tail of the Fox Regatta,3873218,
2015,Bucknell Fall Classic: Bucknell University vs. Drexel University and Lehigh Uni,3880139,
2015,Head of the Genesee,816975,
2015,Charlie Butt Scullers' Head of the Potomac,471543,
2015,Head of the Potomac,2558070,
2015,Tail of the Fox - New York,5681833,data/raw/row2k\2015_tail_of_the_fox_new_york.pdf
2015,Tail of the Fish,676502,
2015,Head of the Tomahawk,8180301,
2015,Head of the Anacostia,7256051,data/raw/row2k\2015_head_of_the_anacostia.pdf
2015,Head of the Merrimack,6447231,data/raw/row2k\2015_head_of_the_merrimack.pdf
2015,Tail of the Tiger,2726092,data/raw/row2k\2015_tail_of_the_tiger.pdf
2015,CRI Fall Classic,8869462,
2015,Head of the River,2583892,
2015,Muskoka Fall Classic,2554935,data/raw/row2k\2015_muskoka_fall_classic.pdf
2015,Head of the Reach,7546057,data/raw/row2k\2015_head_of_the_reach.pdf
2015,Occoquan Summer Sprints,5388371,
2015,Charles River Lower Boat Championships vs.,3540278,
2015,Head of the Martindale,7262919,
2015,Glastonbury/Riverfront Recaptured/E. O. Smith,5390628,data/raw/row2k\2015_glastonbury_riverfront_recaptured_e_o_sm.pdf
2015,Georgetown Visitation vs. Bethesda Chevey Chase and Academy of the Holy Cross,281364,
2015,Gonzaga College High School vs. Bethesda Chevy Chase and DeMatha,5183296,
2015,"Philadelphia University vs. University of Charleston, Franklin & Marshall, Villa",8929631,
2015,Kingston Head of the River,8893217,data/raw/row2k\2015_kingston_head_of_the_river.pdf
2016,Schuylkill Navy Run - Turkey Trot winners and points,25619EBA14140EDCD0557697DA80244F,
2016,Head of the Giblet,50BC8A39C5B2BC03C4A6C9C951ACF17E,data/raw/row2k\2016_head_of_the_giblet.pdf
2016,Head of the Harbor,5D850998B7712D7DF82D5EB119C004C5,data/raw/row2k\2016_head_of_the_harbor.pdf
2016,Foot/Tail of the Charles,3F971C0DA123851458D113E180273D0C,data/raw/row2k\2016_foot_tail_of_the_charles.pdf
2016,Head of the Snake: Washington State University vs. Gonzaga,93B2F2A1D21AD29C8BCEE195E9178B4C,
2016,Head of the Lagoon - Juniors,835144AF868EFC63079E250EAB50FC63,data/raw/row2k\2016_head_of_the_lagoon_juniors.pdf
2016,Snowflake Regatta,BE154F5B7DC46C1DE6E89F8AEC50B8DB,data/raw/row2k\2016_snowflake_regatta.pdf
2016,San Diego Fall Classic,19F780A9AE645DEA48B8E023BA7F66F5,data/raw/row2k\2016_san_diego_fall_classic.pdf
2016,Foot of the Charles,422357261B8A67CB28969A824003C774,
2016,Head of the Lagoon - Collegiate & Masters,D3307A5CD55A8F4986051BF7F4550367,data/raw/row2k\2016_head_of_the_lagoon_collegiate_masters.pdf
2016,Head of the South,8FBC7772AD00E4AE7065F8E3983D22F0,data/raw/row2k\2016_head_of_the_south.pdf
2016,The Fall Classic,B7B7262A58AD407564AB8045C576BD44,
2016,Philadelphia Frostbite Regatta,950FE671BEE6B7E6496BB8F60D3D7EC5,data/raw/row2k\2016_philadelphia_frostbite_regatta.pdf
2016,Hidden River Chase,0D6DE2D25C20507CC2CCA646CCFF559A,data/raw/row2k\2016_hidden_river_chase.pdf
2016,9th Annual Merrimack Chase Regatta,C7E1D9100520D655DE8DD2A7FCB2B5C1,data/raw/row2k\2016_9th_annual_merrimack_chase_regatta.pdf
2016,Rutgers Fall Classic,B8139BA5AFA96C19DD4CE89C51ABFF78,
2016,Head of the Marina,97FCC981E4B255B51092C5F4A0F1CA4D,data/raw/row2k\2016_head_of_the_marina.pdf
2016,Newport Chase,60D597A123C547090135CAAFB7727CDB,
2016,The Inaugural Tail of the Potomac: Bethesda-Chevy Chase High School vs. Wilson H,4A10415243A58DB9A857DC2494DA02D5,
2016,Head of the Fish - AM racing,2C3D9A8A3A23222A9D3839856C86D55A,data/raw/row2k\2016_head_of_the_fish_am_racing.pdf
2016,Head of the Fish - PM racing,637718AD3FA2F75705C26F5D68EA0C2D,data/raw/row2k\2016_head_of_the_fish_pm_racing.pdf
2016,The Leelanau Chase,C6317BC5DE714C8E14B248F43D9893CD,data/raw/row2k\2016_the_leelanau_chase.pdf
2016,Princeton Chase,8C8F23A58A25F8AA11655392D76880FF,data/raw/row2k\2016_princeton_chase.pdf
2016,Head of the Schuylkill (Sunday),2D0261C1B114056918D960072F202EA0,data/raw/row2k\2016_head_of_the_schuylkill_sunday.pdf
2016,Head of the Fish - PM racing,B669D49A939897B15C202A6EB7B45FDE,data/raw/row2k\2016_head_of_the_fish_pm_racing.pdf
2016,Head of the Fish - AM racing,5E3D4E4864A43DE8CB031BA86C562E59,data/raw/row2k\2016_head_of_the_fish_am_racing.pdf
2016,Head of the Fox,3D0D5D5B33292032706CF421445C62C2,data/raw/row2k\2016_head_of_the_fox.pdf
2016,Head of the American,E5C0F7CF320B083FFCFDDB41217F0644,data/raw/row2k\2016_head_of_the_american.pdf
2016,Head of the Schuylkill (Saturday),1CEFF166A2F59EF8CFB01BD16863ECB4,data/raw/row2k\2016_head_of_the_schuylkill_saturday.pdf
2016,Muskie Chase,1BC6B58F8A3AC3336C6FEA68AD1C7CDB,data/raw/row2k\2016_muskie_chase.pdf
2016,Head of the Colorado Regatta,CFE140949D80890A36B840DEA32234ED,data/raw/row2k\2016_head_of_the_colorado_regatta.pdf
2016,Head Of The Charles - Sunday,6547A9DF4DC7C3392058060F0A54E6F6,data/raw/row2k\2016_head_of_the_charles_sunday.pdf
2016,Head of the Spokane: Gonzaga vs. Washington State,336EE4D11E22826D109E62FF7E30E290,
2016,Head of the Spokane: Gonzaga vs. Washington State,3448BDC2FD8C1034F50C9392BA4AC036,
2016,Head Of The Charles - Saturday,C1F4C24A3992AF129183EA69F9508ED8,data/raw/row2k\2016_head_of_the_charles_saturday.pdf
2016,Head of the Hidden Dragon,EA4E233B39DAE6A3DD450D536F8BF433,data/raw/row2k\2016_head_of_the_hidden_dragon.pdf
2016,Occoquan Chase,FC873F984BD99C983FFC0791BEF63D72,data/raw/row2k\2016_occoquan_chase.pdf
2016,Head of the Estuary,13F7BD57C2AE465B2EC4878A0415D425,data/raw/row2k\2016_head_of_the_estuary.pdf
2016,Head of the Quinobequin,5DBD74ADA3D20534DFF5A0435D9018D5,data/raw/row2k\2016_head_of_the_quinobequin.pdf
2016,Head of the Indian Creek,ED98B8B7FC9C1E83F379A120C20C0BA9,data/raw/row2k\2016_head_of_the_indian_creek.pdf
2016,Head of the Niagara Wright,59317313159D24534E6F50D16BAFEC53,data/raw/row2k\2016_head_of_the_niagara_wright.pdf
2016,Head of the Passaic,A9B35A013F37888F98E724A98322AC88,data/raw/row2k\2016_head_of_the_passaic.pdf
2016,Head of the Kevin III,09CC20F395005C20659521611331306D,data/raw/row2k\2016_head_of_the_kevin_iii.pdf
2016,Occoquan Challenge,141B5C3C0CE6C4CC6CFFD61802E84E4F,data/raw/row2k\2016_occoquan_challenge.pdf
2016,Head of the Rock,724D9AF123BD189558DA8B79EBDF6561,data/raw/row2k\2016_head_of_the_rock.pdf
2016,Head of the Genesee - Sunday,F09F3C11024ACA8EB87AF3359C5CDFBE,data/raw/row2k\2016_head_of_the_genesee_sunday.pdf
2016,Head of the Grand (Sunday),BE752CD92D47E341B0D223D7C0E0EE84,
2016,Head of the James,77DBC23F27CEB99B4435D2DD53AB0338,data/raw/row2k\2016_head_of_the_james.pdf
2016,Tail of the Passaic,A703F2C70C524AE02B412132C642B941,data/raw/row2k\2016_tail_of_the_passaic.pdf
2016,Head of the Housatonic,5A68AA7F846B6B9CEBF4769DCFBBFFEA,data/raw/row2k\2016_head_of_the_housatonic.pdf
2016,Head of the Genesee - Saturday,8BDC535CF7861FE8C0C9E29CE33E0572,data/raw/row2k\2016_head_of_the_genesee_saturday.pdf
2016,Columbus Fall Classic,86D32856F5D045D896013FCFCF1780FD,data/raw/row2k\2016_columbus_fall_classic.pdf
2016,Mohawk Fall Classic Regatta,90D3901551839B685DA62CFD8A8CE720,data/raw/row2k\2016_mohawk_fall_classic_regatta.pdf
2016,Head of the Christina,F1EA46105E0AD81D9B5F937E24A50728,data/raw/row2k\2016_head_of_the_christina.pdf
2016,Tail of the Lake,6415A4D32A9E188BDB2BF8D10CED19C5,data/raw/row2k\2016_tail_of_the_lake.pdf
2016,Textile River Regatta,CADF3762E8F588DCDB36E1C1F145390A,data/raw/row2k\2016_textile_river_regatta.pdf
2016,Head of the Oklahoma (Sunday),F3D08D2EF2D1EBB5FB47816A4457C6A2,data/raw/row2k\2016_head_of_the_oklahoma_sunday.pdf
2016,Head of the Riverfront,FB5C2E6ECCE9E5D15A80A14F8CB87C1A,data/raw/row2k\2016_head_of_the_riverfront.pdf
2016,Tail of the Fox Regatta,369FF55BC4D15F71296F5AEE7265ABC7,data/raw/row2k\2016_tail_of_the_fox_regatta.pdf
2016,Head of the Oklahoma (Saturday),0DB5E4E57704763DF25390D4B3845182,data/raw/row2k\2016_head_of_the_oklahoma_saturday.pdf
2016,Head of the Rideau,CCAE82EDF2C1379ED588E342DBAA056D,data/raw/row2k\2016_head_of_the_rideau.pdf
2016,Head of the Androscoggin,A9611F918D4F5D6C16EA3D02C72F3B05,data/raw/row2k\2016_head_of_the_androscoggin.pdf
2016,Scullers Head of the Potomac,4C6D947C45E05EAE310ACB9CB0BB468C,data/raw/row2k\2016_scullers_head_of_the_potomac.pdf
2016,Mattawanakee Fall Classic,F3B0A25B67702881F22134F9861C9EC9,data/raw/row2k\2016_mattawanakee_fall_classic.pdf
2016,Tail of the Fish,6B8F40220E5C056BC707791212FAB002,data/raw/row2k\2016_tail_of_the_fish.pdf
2016,Head of the Merrimack Regatta,3CB9D51E686A2048C2C359E3306669DD,data/raw/row2k\2016_head_of_the_merrimack_regatta.pdf
2016,Head of the Seekonk,F885EA23DA12B42CFC3D496C96E42CE6,data/raw/row2k\2016_head_of_the_seekonk.pdf
2016,Head of the Kevin II,7321E110FA0374A638B7228BB6939A44,data/raw/row2k\2016_head_of_the_kevin_ii.pdf
2016,Tail of The Tiger,C6AA587A300BB4293B28E9CEA8D4B1F0,data/raw/row2k\2016_tail_of_the_tiger.pdf
2016,CRI Fall Classic,E6E75DFEDBDD948C4AFC6CC57AD5AAED,data/raw/row2k\2016_cri_fall_classic.pdf
2016,Tail of the Fox,5ED7A92C817815687E0257066EB2F64E,data/raw/row2k\2016_tail_of_the_fox.pdf
2016,Head of the Cuyahoga,D1392470A96BF5365996160391035F7A,data/raw/row2k\2016_head_of_the_cuyahoga.pdf
2016,Schuylkill Navy Regatta,ACE2624ABC664EBB6BE060A9B9320932,data/raw/row2k\2016_schuylkill_navy_regatta.pdf
2016,Greater Lawrence Rowing vs. Riverfront Recapture,8C92202E4DA60DA9620C10FC441F876E,
2016,Occoquan Sprints,C244EF8DDC0E09C341575DF66EF929B0,data/raw/row2k\2016_occoquan_sprints.pdf
2016,Women's Eights Head of the River Race,6621612,data/raw/row2k\2016_women_s_eights_head_of_the_river_race.pdf
2017,Head of the Harbor,39DFEB5C5F7D5DF0020C90D8E27FCA44,data/raw/row2k\2017_head_of_the_harbor.pdf
2017,Head of the Lagoon (Juniors),F63C647D1BF13834ECE2D534444A989D,data/raw/row2k\2017_head_of_the_lagoon_juniors.pdf
2017,San Diego Fall Classic,324A7622AA3A9AB3AE61C57798C2BAA1,data/raw/row2k\2017_san_diego_fall_classic.pdf
2017,Foot of the Charles,6D7F81E10ABE169C4D813F2C2A82304D,data/raw/row2k\2017_foot_of_the_charles.pdf
2017,Foot of the Charles,A21B3E82157B1E53FCF1E0D8D255D2B5,data/raw/row2k\2017_foot_of_the_charles.pdf
2017,Head of the Lagoon (Masters & Collegiate),242B84CBCB218AE3446A082BF4FFEC2A,data/raw/row2k\2017_head_of_the_lagoon_masters_collegiate.pdf
2017,Head of the South,B1F644169F3BC96419468F8F617835DA,data/raw/row2k\2017_head_of_the_south.pdf
2017,Head of the South - Points,2D7AE60FC363CCEA36A4E7D1D93393BC,data/raw/row2k\2017_head_of_the_south_points.pdf
2017,Philadelphia Frostbite Regatta,58237EDA3469D1788E637B53E8F2E330,data/raw/row2k\2017_philadelphia_frostbite_regatta.pdf
2017,Head of the Hooch - Sunday,EAAA3324330CD8AA4D483C5C735BA08A,data/raw/row2k\2017_head_of_the_hooch_sunday.pdf
2017,Hidden River Chase,4D7A1D60DDEF321F255B41F53EEAF0E4,data/raw/row2k\2017_hidden_river_chase.pdf
2017,Wichita Frostbite Regatta,5566D8C006CE3FDF12BD3523649D62D5,data/raw/row2k\2017_wichita_frostbite_regatta.pdf
2017,Head of the Marina,728A9461D51C8692F6D533D20EF32BD5,data/raw/row2k\2017_head_of_the_marina.pdf
2017,Rutgers Fall Classic,CE69C73AE5F3F6090ED6BC5EF25C8065,
2017,Head of the Hooch - Saturday,4EEE70A41B92EC1AF744F97583D5F238,data/raw/row2k\2017_head_of_the_hooch_saturday.pdf
2017,The Leelanau Chase,CD73EDAF4643CEDB8A99789D9F25BCA9,data/raw/row2k\2017_the_leelanau_chase.pdf
2017,Princeton Chase,ACE0672B00A7B08150741BE618E48153,data/raw/row2k\2017_princeton_chase.pdf
2017,Head of the Schuylkill - Sunday,36E09DEC266ABD29B9E9CD771C06D59E,data/raw/row2k\2017_head_of_the_schuylkill_sunday.pdf
2017,Head of the Schuylkill - Sunday,93F451EC319C34C6F979077C3EF224EF,data/raw/row2k\2017_head_of_the_schuylkill_sunday.pdf
2017,Head of the Fish - Sunday,8D038EE3F73028C6A10E12E80CF97A7D,data/raw/row2k\2017_head_of_the_fish_sunday.pdf
2017,Head of the Fish - Saturday,1BA92BBC105827281ECB6F77F1C874BA,data/raw/row2k\2017_head_of_the_fish_saturday.pdf
2017,Head of the American,2F033D865FABFC4352448C176155D488,data/raw/row2k\2017_head_of_the_american.pdf
2017,Head of the Schuylkill - Saturday,0B29359DA3B682EE7163960DFC4B5C51,data/raw/row2k\2017_head_of_the_schuylkill_saturday.pdf
2017,Head of the Schuylkill - Saturday,CBF0E72F128DCE02466AE818830258E1,data/raw/row2k\2017_head_of_the_schuylkill_saturday.pdf
2017,Richmond Chase,9313315B70481DD56CEF54DAC7061309,data/raw/row2k\2017_richmond_chase.pdf
2017,Head of the Charles - Sunday,B20B7638662E531F88E007247D313298,data/raw/row2k\2017_head_of_the_charles_sunday.pdf
2017,Head of the Charles - Saturday,F95C10A4A6779316A09D1E7A1DD0C0BD,data/raw/row2k\2017_head_of_the_charles_saturday.pdf
2017,Head of the Passaic,9481313DAFFE5DF61F45097E842E9948,data/raw/row2k\2017_head_of_the_passaic.pdf
2017,Head of the Quinobequin,54CCE62E57CFD20BE56EEF4F45A4B48D,data/raw/row2k\2017_head_of_the_quinobequin.pdf
2017,American Lake Fall Classic,08DAE4959C0F8D912F4E01B5B352617B,data/raw/row2k\2017_american_lake_fall_classic.pdf
2017,Head of the Port,0C97005C08D611EC9A1CBE93B33401B4,data/raw/row2k\2017_head_of_the_port.pdf
2017,"Head of the Spokane: Gonzaga, Washington State",9FDE073877A7D02F77B86559F520281D,
2017,"Head of the Spokane: Gonzaga, Washington State",98F6084D9DB86FCA4A34266E45E71D40,
2017,Head of the Brazos,E3C201334B93E15B8BBABC22F36E2952,data/raw/row2k\2017_head_of_the_brazos.pdf
2017,Head of the James,E6BFCEA742C025DD7AEDECB4B5D6CC21,data/raw/row2k\2017_head_of_the_james.pdf
2017,Hadley Chase,6921BB02ED0D3294FBC432949D6191A0,data/raw/row2k\2017_hadley_chase.pdf
2017,Mohawk Fall Classic Regatta,816ADBDE95027BC3139A725A078C158F,data/raw/row2k\2017_mohawk_fall_classic_regatta.pdf
2017,Head of the Oklahoma - Sunday,367C0B7DF57092A23BDA56E9710D27AF,data/raw/row2k\2017_head_of_the_oklahoma_sunday.pdf
2017,Tail of the Passaic,0C8964217D4F49D60A46B68CA91764BD,data/raw/row2k\2017_tail_of_the_passaic.pdf
2017,Head of the Rock,060FB0FA36FE8F12BF078C8AF20F8EA1,data/raw/row2k\2017_head_of_the_rock.pdf
2017,Head of the Ohio - Sunday,BDCC7717DA309DD70DBFE4A0A4843955,data/raw/row2k\2017_head_of_the_ohio_sunday.pdf
2017,Head of the Housatonic,828638A7094C1646E91787CAA1AB15D5,data/raw/row2k\2017_head_of_the_housatonic.pdf
2017,Head of the Ohio - Saturday,CF945EDF77E39A521FEA3B2EE45AEAFD,data/raw/row2k\2017_head_of_the_ohio_saturday.pdf
2017,Head of the Oklahoma - Saturday,CF032EA23319871F817E5D401E1D7D34,data/raw/row2k\2017_head_of_the_oklahoma_saturday.pdf
2017,Tail of the Lake,77BAFE39E51AB62861BDA3CC6CB0246F,data/raw/row2k\2017_tail_of_the_lake.pdf
2017,Head of the Christina,C8FE9A361D62B6D57414514326BCB404,data/raw/row2k\2017_head_of_the_christina.pdf
2017,Tail of the Fox,4D3A34EB5F02F3383FD4201272C521DE,data/raw/row2k\2017_tail_of_the_fox.pdf
2017,Tail of the Fish,2D30A805705441B6CD3B639665FD2059,
2017,The Hoover - Columbus Fall Classic,415EB91B474415909A8C376B397D2A6B,data/raw/row2k\2017_the_hoover_columbus_fall_classic.pdf
2017,Tail of the Tiger,BBAE3EC0A0478CFF234B472710F10CCF,data/raw/row2k\2017_tail_of_the_tiger.pdf
2017,Kings Head XXXI Regatta on the Schuylkill,361CE62E126FCE0499D375E9674BA64C,data/raw/row2k\2017_kings_head_xxxi_regatta_on_the_schuylkil.pdf
2017,Head of the Merrimack Regatta,529997BCA18B92CB52896D83F1AD7C92,data/raw/row2k\2017_head_of_the_merrimack_regatta.pdf
2017,Head of the River,A0980041393907F0ADCD37636EF57759,data/raw/row2k\2017_head_of_the_river.pdf
2017,Head of the Androscoggin,D27619D76F908D0748D2F02BD48DE4CE,data/raw/row2k\2017_head_of_the_androscoggin.pdf
2017,CRI Fall Classic,C7E3E9E000C0F475A8EA6F0CF530F022,data/raw/row2k\2017_cri_fall_classic.pdf
2017,Head of the Cuyahoga,6A60E1F26ABB8EE856822A624DE29DED,data/raw/row2k\2017_head_of_the_cuyahoga.pdf
2017,Muskoka Fall Classic,8EA090F2F7D2087FC00631F23616223F,data/raw/row2k\2017_muskoka_fall_classic.pdf
2017,Head of the Kevin I,3E8CEB6B97762E663DB63586D81A9DC2,data/raw/row2k\2017_head_of_the_kevin_i.pdf
2017,Schuylkill Navy Regatta,3502B752CE35A860F048086B01BA2C24,data/raw/row2k\2017_schuylkill_navy_regatta.pdf
2017,"Greater Lawrence Rowing vs. Medford, Duxbury, Riverfront Recapture",1B96797373D4D3DBA7E49D272F80343B,
2017,"Noxontown Regatta #3 - Boys: St. Andrew's School, DE vs. Bethesda-Chevy Chase, M",334DD82370DC502BB528EC2D1870ACE8,
2017,Occoquan Sprints,B632C96273AD26ED7CBBE8FC3BBC7B80,data/raw/row2k\2017_occoquan_sprints.pdf
2017,"Bethesda-Chevy Chase Crew (BCC) BOYS vs. Gonzaga College High School (GON), Dema",80254FAE44F112B34548D5AFF7968E80,
2017,Bethesda-Chevy Chase Crew (BCC) GIRLS vs. Georgetown VIsitation,7B0691ACACDAF2E7D82B2A3852BC365F,
2018,Schuylkill Navy Run Turkey Trot,13B13BE6C5B24543A6E3BF993AAAE173,data/raw/row2k\2018_schuylkill_navy_run_turkey_trot.pdf
2018,Head of the Harbor,5401872F782B4BB9031EB9AB65ACE269,data/raw/row2k\2018_head_of_the_harbor.pdf
2018,Newport Chase,835865E9495FF937A2980F7A63AFEE9E,data/raw/row2k\2018_newport_chase.pdf
2018,Head of the Lagoon - Juniors,1DA7D753352B878B2B425ECA64C6E814,data/raw/row2k\2018_head_of_the_lagoon_juniors.pdf
2018,San Diego Fall Classic,0640FB9D3B6AC23732073B48637A7368,data/raw/row2k\2018_san_diego_fall_classic.pdf
2018,Foot/Tail of the Charles - Men's Racing,6B1A6D0795340E0B086F7AF946DBC5AF,data/raw/row2k\2018_foot_tail_of_the_charles_men_s_racing.pdf
2018,Head of the South,DF7A2D0630009526EBF819CA8C1AA470,data/raw/row2k\2018_head_of_the_south.pdf
2018,Head of the Lagoon - Collegiate & Masters,39250A9D42E6B25B5C743E2F53DC36C7,data/raw/row2k\2018_head_of_the_lagoon_collegiate_masters.pdf
2018,Foot of the Charles - Women's Racing,A1DF9DA8865B97A79734406F7B512ED6,data/raw/row2k\2018_foot_of_the_charles_women_s_racing.pdf
2018,Philadelphia Frostbite Regatta,F6192FC640FA3E2085BED24764D81781,data/raw/row2k\2018_philadelphia_frostbite_regatta.pdf
2018,Head of the Marina,FEF1A8EDE2D9CB979174155FF170FE4A,data/raw/row2k\2018_head_of_the_marina.pdf
2018,Head of the Hooch - Sunday,38624104B3739603B4E7462DBC770EEB,data/raw/row2k\2018_head_of_the_hooch_sunday.pdf
2018,Rutgers Fall Classic Regatta,75AB0CB236F10F40DB30F4D7B0EB060E,
2018,Head of the Hooch - Saturday,0779B70CF01B022D2860BC38CC731736,data/raw/row2k\2018_head_of_the_hooch_saturday.pdf
2018,Head of the River Fours,050DF4C1F56F71FB4458C1D73364E37A,data/raw/row2k\2018_head_of_the_river_fours.pdf
2018,Princeton Chase,5F9E7998721CB11853686D1BCEB39F5F,data/raw/row2k\2018_princeton_chase.pdf
2018,Head of the Schuylkill - Sunday,E81A8BC44560784BA9B2087CF1147DDC,data/raw/row2k\2018_head_of_the_schuylkill_sunday.pdf
2018,Muskie Chase,322AB99B38D3E4FA9C3002BBC1CB5899,data/raw/row2k\2018_muskie_chase.pdf
2018,Head of the American,DD1B15991BA98808582DEB0C0BCB9505,data/raw/row2k\2018_head_of_the_american.pdf
2018,Head of the Schuylkill - Saturday,D4D1DD8780CACB90B1AB105FE90530F1,data/raw/row2k\2018_head_of_the_schuylkill_saturday.pdf
2018,Head Of The Charles - Sunday,233FCC8B37ACA7D2F619CACE64C31EB4,data/raw/row2k\2018_head_of_the_charles_sunday.pdf
2018,Head of the Snake; Washington State University Men vs Gonzaga University Men,DA7CF3A3F6613981E4D418FCC3D95F95,
2018,Head Of The Charles - Saturday,C31E81543D8D123246F0B1F48AF47339,data/raw/row2k\2018_head_of_the_charles_saturday.pdf
2018,Head of the Toomey: UC Davis men,BD7A4D432F2A4DB35C8F9D842B8582DC,
2018,Head of the Niagara,233BE4EFD90C91CEC3D0F1BC5F311A15,data/raw/row2k\2018_head_of_the_niagara.pdf
2018,Head of the Estuary,C4BC5F2674894B51011A1DDBACF4C562,data/raw/row2k\2018_head_of_the_estuary.pdf
2018,American Lake Fall Classic,5B0FB00BA4A939A19CA1847A2FBF0710,data/raw/row2k\2018_american_lake_fall_classic.pdf
2018,Head of the Quinobequin,EC277DFB1642F38DFC9C554A78835B49,data/raw/row2k\2018_head_of_the_quinobequin.pdf
2018,Head of the Spokane,2ADC943151583AB7AFD6C39C240BA082,
2018,Head of the Spokane,8BFE5EFDA59C3AD16E28976CFBC6B8E2,
2018,Hadley Chase,E68C6077989AD2D49146894453E3A74E,data/raw/row2k\2018_hadley_chase.pdf
2018,Head of the Niagara Wright Regatta,6F409229496B0AADAB708911437E0C29,data/raw/row2k\2018_head_of_the_niagara_wright_regatta.pdf
2018,Head of the Pass/Tampa Fall Classic,599EC335F3B42E8A2016568272E56820,data/raw/row2k\2018_head_of_the_pass_tampa_fall_classic.pdf
2018,Grand Rapids Fall Classic,8495ABF4C0E3D250513BCA68D13947AB,data/raw/row2k\2018_grand_rapids_fall_classic.pdf
2018,Head of the Genesee - Sunday,A03950D804CD701A36C258B493F0BEE1,data/raw/row2k\2018_head_of_the_genesee_sunday.pdf
2018,Tail of the Fox Regatta,E2E05480A838699EE7CF494423B95E2D,data/raw/row2k\2018_tail_of_the_fox_regatta.pdf
2018,Head of the Christina,EA0DF06DB59C4B30BBCADE2B17A1BC31,data/raw/row2k\2018_head_of_the_christina.pdf
2018,Occoquan Challenge,7476FFEE53B58C4DB980C760A856EDF7,data/raw/row2k\2018_occoquan_challenge.pdf
2018,Head of the Ohio - Sunday,050221C9D76BE131B2663505736BFA9A,data/raw/row2k\2018_head_of_the_ohio_sunday.pdf
2018,Tail of the Lake,BEC2D45E20B62233E3BBA4BBD48B307E,data/raw/row2k\2018_tail_of_the_lake.pdf
2018,Mohawk Fall Classic Regatta,D9549330DF1D832B5DE70BCCD1EA10B5,data/raw/row2k\2018_mohawk_fall_classic_regatta.pdf
2018,"Tail Of The Housatonic - Sacred Heart; Fairfield, Iona",CE72CB4073E3BD31293CC9EDD5DA1502,
2018,Head of the Mississippi,A6555B9CC76B792160E1CF61D4A7F3B2,data/raw/row2k\2018_head_of_the_mississippi.pdf
2018,Head of the Genesee - Saturday,E1A173A7A71CED0CBD12862516487016,data/raw/row2k\2018_head_of_the_genesee_saturday.pdf
2018,Head of the Housatonic,DEA5603F35DAFD8556DB3E1BBFB9C9A2,data/raw/row2k\2018_head_of_the_housatonic.pdf
2018,Head of the Ohio - Saturday,65546F3D5060C4570E967C4A1ADD0ABF,data/raw/row2k\2018_head_of_the_ohio_saturday.pdf
2018,Textile River Regatta,104D2B22943379353957029CEAF5EA34,data/raw/row2k\2018_textile_river_regatta.pdf
2018,Head of the Oklahoma - Sunday,9ACCF8DCBA1B2E2C7EAF3E1D32174BA9,data/raw/row2k\2018_head_of_the_oklahoma_sunday.pdf
2018,Kings Head XXXII Regatta on the Schuylkill,1AFC696B10DA00DAC87F122C2F693C00,data/raw/row2k\2018_kings_head_xxxii_regatta_on_the_schuylki.pdf
2018,Head of the Oklahoma - Saturday,A0322935CF12B539028B6985620EFBD8,data/raw/row2k\2018_head_of_the_oklahoma_saturday.pdf
2018,Head of the Hudson,5AA568A926361555B4D62781544498A7,data/raw/row2k\2018_head_of_the_hudson.pdf
2018,CRI Fall Classic,3AB8936731DB3EBCEC0EBCF886CA9DE5,data/raw/row2k\2018_cri_fall_classic.pdf
2018,Head of the Cuyahoga,2CDE1566DCA2EF869DB21CD5331C02C1,data/raw/row2k\2018_head_of_the_cuyahoga.pdf
2018,Head of the Nicomekl,EB4C4D43FDA1DACEE872D7A9C87C7B0E,data/raw/row2k\2018_head_of_the_nicomekl.pdf
2018,Schuylkill Navy Regatta,D45CE57421BC4CBE84D3125DB5C8E6ED,data/raw/row2k\2018_schuylkill_navy_regatta.pdf
2018,Riverfront Recapture and Duxbury vs. Greater Lawrence,6BDA2A3105DE9469F29989073895C4D4,
2018,"Noxontown Regatta #3 - Boys: St. Andrew's (DE), Bethesda-Chevy Chase, Central Ca",5156403384E3B94F4C23B6C5DAFB2B89,
2018,"Noxontown Regatta #3 - Girls: St. Andrew's, Bethesda-Chevy Chase, National Cathe",0E7141F3F8D2F471109AF8F9B85666C4,
2018,Charles River Basin Racing Series #3,CBBF84B02CAD3F656BA08A7BDE569760,data/raw/row2k\2018_charles_river_basin_racing_series_3.pdf
2018,Gonzaga College HS vs. Bethesda-Chevy Chase HS and DeMatha Catholic HS,A7E623582084ECF67B8072D74A97F19B,
2018,Occoquan Sprints,3E4CDAF7F7C936089534C6DBBE0BDCB4,data/raw/row2k\2018_occoquan_sprints.pdf
2018,Head of the River,F281C7D9FB5C3B3F387025B5472F2267,data/raw/row2k\2018_head_of_the_river.pdf
2018,Women’s Head Of The River,AF9B58B878F002F6473A18FD07E2635E,data/raw/row2k\2018_women_s_head_of_the_river.pdf
2019,Head of the Harbor,577412F1959CE392568D8397C26E8ED7,data/raw/row2k\2019_head_of_the_harbor.pdf
2019,Stetson Fall Classic,696A8E13F9E1C18E7C640445C1A04A2E,data/raw/row2k\2019_stetson_fall_classic.pdf
2019,Newport Chase,FBBF401784E646396986485F4EA1F000,data/raw/row2k\2019_newport_chase.pdf
2019,Foot of the Charles - Women,9016350BFF5627AFFFDD3B58AFC491D3,data/raw/row2k\2019_foot_of_the_charles_women.pdf
2019,Foot of the Charles - Men,9A354D11E6880A04394A513FF6570C76,data/raw/row2k\2019_foot_of_the_charles_men.pdf
2019,Head of the Lagoon - Juniors,9088014688E1CEBD349272E3494D5774,data/raw/row2k\2019_head_of_the_lagoon_juniors.pdf
2019,San Diego Fall Classic,66F80DD2970A2B4335A4B2B9BA5157EA,data/raw/row2k\2019_san_diego_fall_classic.pdf
2019,Head of the Chickahominy,CC6DAFBD965B65AACECF5616ED2CC6B0,data/raw/row2k\2019_head_of_the_chickahominy.pdf
2019,Head of the Hog,207571315250835F0BB6C389C070D67F,data/raw/row2k\2019_head_of_the_hog.pdf
2019,Head of the South,870DC4A1B6EFFA41ACE582BF66D015C5,data/raw/row2k\2019_head_of_the_south.pdf
2019,Head of the Lagoon - Collegiate & Masters,630E0DF15CE05D183B6BA42D550F0AE1,data/raw/row2k\2019_head_of_the_lagoon_collegiate_masters.pdf
2019,The Fall Classic,864ECD2F8B0ACBBE77E35ED24E7AC296,
2019,Head Of The Marina,3A12B2471497475E2B74A9F137C92104,data/raw/row2k\2019_head_of_the_marina.pdf
2019,Snowflake Regatta,18178C8B6B6A7147C198ADBAC9FA910C,data/raw/row2k\2019_snowflake_regatta.pdf
2019,Wichita Frostbite Regatta,387AB282D2C91832B38DBB24C518FD94,data/raw/row2k\2019_wichita_frostbite_regatta.pdf
2019,Mercer Fall Classic,22CB8CFF34A26336A790616CB299A7C4,data/raw/row2k\2019_mercer_fall_classic.pdf
2019,Cornell Fall Classic,78336FCFC594B7993AE3AE1DDC4813C0,data/raw/row2k\2019_cornell_fall_classic.pdf
2019,"Muskie Chase: Adrian College, University of Dayton, Marietta College, Ohio Wesle",FAE05B3224496D58929FE6366726EFB2,
2019,Head of the Schuylkill - Sunday,658DB84FB5D3AA46E29C3F68981480D2,data/raw/row2k\2019_head_of_the_schuylkill_sunday.pdf
2019,Princeton Chase,8B0013ECDD723B88571CD766CD29550F,data/raw/row2k\2019_princeton_chase.pdf
2019,Head of the Fish - Sunday,AC528E61A3A5D124B9963805644CB2A4,data/raw/row2k\2019_head_of_the_fish_sunday.pdf
2019,Head of the Fish - Saturday,EC4FD21745DB1772703ACD4DF8C9EC7A,data/raw/row2k\2019_head_of_the_fish_saturday.pdf
2019,Wormtown Chase,73244CDC6BC384AB126736B4EC22C6E8,data/raw/row2k\2019_wormtown_chase.pdf
2019,Head of the Colorado - Pumpkinhead,B89E17BD0D640404FA804AA4188AC8E8,data/raw/row2k\2019_head_of_the_colorado_pumpkinhead.pdf
2019,Head of the American,1E21F67E11695FDBA9A78A68169703EF,data/raw/row2k\2019_head_of_the_american.pdf
2019,Head of the Schuylkill - Saturday,B5BADCE267C955D093504146DF7952B0,data/raw/row2k\2019_head_of_the_schuylkill_saturday.pdf
2019,Head Of The Charles,E0D10BB6010DFA7CE5C4A77C3DC7DE72,data/raw/row2k\2019_head_of_the_charles.pdf
2019,Grand Rapids Fall Classic,F78C707AC4F4B20FD652C9FE5A30F260,data/raw/row2k\2019_grand_rapids_fall_classic.pdf
2019,"Gonzaga, Washington State | Head of the Spokane",E5574785B86ACB9154B077E4ED87F9E0,
2019,"Gonzaga, Washington State | Head of the Spokane",76571F6AD2CC3D3E402FD51B75C8FEEC,
2019,Head of the Niagara Wright Regatta,BE39C045E1FAFAB347BE855F77B7C13E,data/raw/row2k\2019_head_of_the_niagara_wright_regatta.pdf
2019,Head of the Port,51CCE597449CCFA8FCD636A650889070,data/raw/row2k\2019_head_of_the_port.pdf
2019,Head of the Onondaga,86E24098688129397C3DCD101678026D,data/raw/row2k\2019_head_of_the_onondaga.pdf
2019,Occoquan Chase,A32A6DE1D8869EA3DBE570F7C3B28A23,data/raw/row2k\2019_occoquan_chase.pdf
2019,American Lake Fall Classic,CF0F98B68E4F056F0D66480996FEC66E,data/raw/row2k\2019_american_lake_fall_classic.pdf
2019,Head of the Quinobequin,7981BFC6B5C1A75009A89C1DD4761386,data/raw/row2k\2019_head_of_the_quinobequin.pdf
2019,Head of the Passaic,64ABBFCA9DB12686B1F25E3C3BDBC42C,data/raw/row2k\2019_head_of_the_passaic.pdf
2019,Head of the James,4FFBFF602B16565041A2FC90794EB65A,data/raw/row2k\2019_head_of_the_james.pdf
2019,Tampa Fall Classic,295C1B9A62452809489C6FB8E2EEF906,data/raw/row2k\2019_tampa_fall_classic.pdf
2019,Head of the Housatonic,6CFF0EDF89FCE39746A12A9B2CB95C56,data/raw/row2k\2019_head_of_the_housatonic.pdf
2019,Head of the Estuary,B49F654E1D5F074066D2FC12D1C8C8E4,data/raw/row2k\2019_head_of_the_estuary.pdf
2019,Tail of the Fox - Wisconsin,F75197D61EDE20B73DA41C9D3535F841,data/raw/row2k\2019_tail_of_the_fox_wisconsin.pdf
2019,Head of The Christina,91E5A1FA916ACA83101B990658A0CF9C,data/raw/row2k\2019_head_of_the_christina.pdf
2019,Head of the Riverfront,CA9E32FA56D2173200F479B2D80CCB61,data/raw/row2k\2019_head_of_the_riverfront.pdf
2019,Head of the Ohio - Sunday,7CC6BE24EDD618765F14FF1F03E156AE,data/raw/row2k\2019_head_of_the_ohio_sunday.pdf
2019,Textile River Regatta,110E19CF0F9EC081FD04D13CADAE7ECE,data/raw/row2k\2019_textile_river_regatta.pdf
2019,Tail of the Lake,5E72D9D33BA5B1F957D958455BB7AB95,data/raw/row2k\2019_tail_of_the_lake.pdf
2019,Occoquan Challenge,0802394E2D9CE6B01BC005C4AE454EA8,data/raw/row2k\2019_occoquan_challenge.pdf
2019,Mohawk Fall Classic Regatta,40085593F75DCAF41D4F49A0636F8DA2,data/raw/row2k\2019_mohawk_fall_classic_regatta.pdf
2019,Head of the Oklahoma - Sunday,430766B9C2F0AD9F55ACE2FFD99A9FA8,data/raw/row2k\2019_head_of_the_oklahoma_sunday.pdf
2019,Tail Of The Housatonic: Fairfield University; Sacred Heart University; Mount Hol,15161E7869767A1428D2B08556010D1D,
2019,Head of the Ohio - Saturday,2E4C85C5E682BF5153DE4A156CA5E655,data/raw/row2k\2019_head_of_the_ohio_saturday.pdf
2019,Head of the Oklahoma - Saturday,21FAEFE0726FDC552D4288693E568071,data/raw/row2k\2019_head_of_the_oklahoma_saturday.pdf
2019,Head of the Mississippi,E2714EE3A114028071448655B9D91D0F,data/raw/row2k\2019_head_of_the_mississippi.pdf
2019,Kings Head XXXIII Regatta on the Schuylkill,CA50BA9C304EEF08B0B23C591358FE6C,data/raw/row2k\2019_kings_head_xxxiii_regatta_on_the_schuylk.pdf
2019,Head of the Dog,6C623868B48AF28458D6331E7B8AFCAD,data/raw/row2k\2019_head_of_the_dog.pdf
2019,Head of the Rideau,9266BF6C23B60BF5AB2BF2A7827BDF19,data/raw/row2k\2019_head_of_the_rideau.pdf
2019,Head of the Headless Oarsman,BB6A3641A4D88C233106D2176FD0FFFD,data/raw/row2k\2019_head_of_the_headless_oarsman.pdf
2019,Head of the Des Moines,CD2702407B2B5F563C13ABAE893E2E5A,data/raw/row2k\2019_head_of_the_des_moines.pdf
2019,Head of the Merrimack,14EDC540AD30EA3B685C7DB452DE91CF,data/raw/row2k\2019_head_of_the_merrimack.pdf
2019,Tail of the Fish,4A6F4B6864E0FBE28FD524B9B24FE44F,data/raw/row2k\2019_tail_of_the_fish.pdf
2019,Head of the Welland Five Bridges Fall Classic,4CEF946C4390246DE70E1F9E236C43EA,data/raw/row2k\2019_head_of_the_welland_five_bridges_fall_cl.pdf
2019,Head of the Corsica,E6EAC3A386D6902EAAE74B56016E5F25,data/raw/row2k\2019_head_of_the_corsica.pdf
2019,Scullers Head of the Potomac,FB2A3E65816391321EE813CEA5A921D7,data/raw/row2k\2019_scullers_head_of_the_potomac.pdf
2019,Head of the Hudson,BC9969001296707F83339F5402846C83,data/raw/row2k\2019_head_of_the_hudson.pdf
2019,Head of the Cuyahoga,C619DAC38FB0CCB4D1B4922CC5E92200,data/raw/row2k\2019_head_of_the_cuyahoga.pdf
2019,CRI Fall Classic,62D9438D8A0B1D64B1A026D37EBEDE20,data/raw/row2k\2019_cri_fall_classic.pdf
2019,Tail of the Passaic,654D49C985FE0D3AB8B12CB12F759568,data/raw/row2k\2019_tail_of_the_passaic.pdf
2019,Head of the Androscoggin,3E94156BE40D1ACF3BD6515B2A7FD645,data/raw/row2k\2019_head_of_the_androscoggin.pdf
2019,Muskoka Fall Classic,C595C776BB6664917BDC0F1E873548B9,data/raw/row2k\2019_muskoka_fall_classic.pdf
2019,"Noxontown Regatta # 4 - Boys: St. Andrew's, Bethesda-Chevy Chase, Kent, Montclai",64BF632B2B18DDC1B9C17C82B5CE05CA,
2019,Bethesda-Chevy Chase (BCC) vs. Georgetown Visitation (Girls),582F713CA9860A8036E06774AE5CFCA6,
2019,Occoquan Sprints,1B4C051B16ED8A5C59795FB7BF03A866,data/raw/row2k\2019_occoquan_sprints.pdf
2020,Head of the Red,B3052704A626CD9A9C085EB90BB58A94,data/raw/row2k\2020_head_of_the_red.pdf
2020,Head of the Port,8C8985201128D04CD6B0A1AB472250F8,data/raw/row2k\2020_head_of_the_port.pdf
2020,Head of the Fish,2652F68159E4D6F882F9AE675BCBD4FD,data/raw/row2k\2020_head_of_the_fish.pdf
2020,Head of the Ponds,0CE4F75DC968EC14E3AFF94F38B9F801,data/raw/row2k\2020_head_of_the_ponds.pdf
2021,Schuylkill Navy Run Turkey Trot,2EB56E59903D7D2908745772D4D2F15D,data/raw/row2k\2021_schuylkill_navy_run_turkey_trot.pdf
2021,Newport Chase,83E3EF704F0DB1CBA35A8F555AD765C8,data/raw/row2k\2021_newport_chase.pdf
2021,Foot of the Charles,974A09AED85C5A0D43B524E6312555CE,data/raw/row2k\2021_foot_of_the_charles.pdf
2021,Head of the South,960C3FD6D4B8D2BBC29FF5552AA55EA8,data/raw/row2k\2021_head_of_the_south.pdf
2021,Head of the Lagoon - Collegiate & Masters,0824C1B00174D7700A85D7AE2E81DE08,data/raw/row2k\2021_head_of_the_lagoon_collegiate_masters.pdf
2021,Philadelphia Frostbite Regatta,AEF52F5E83D0319DE8EB64F61FD951B9,data/raw/row2k\2021_philadelphia_frostbite_regatta.pdf
2021,Mercer Fall Classic,329D55339ED38221D3BD7DC4E47BBE2F,data/raw/row2k\2021_mercer_fall_classic.pdf
2021,Head of the Lake,309215304C18A2919B63C73CE067759D,data/raw/row2k\2021_head_of_the_lake.pdf
2021,Head of the Hooch - Sunday,D84079EDBF203E28B7D0424515A02163,data/raw/row2k\2021_head_of_the_hooch_sunday.pdf
2021,Head of the Occoquan - Sunday,CF81388B992F6F846F250EEFCFA43A2C,data/raw/row2k\2021_head_of_the_occoquan_sunday.pdf
2021,Head of the Marina,F085DA40DA9BDE9D35026B1141962114,data/raw/row2k\2021_head_of_the_marina.pdf
2021,Princeton Chase,A659F072B60F1E627E9345FF32A8CD56,data/raw/row2k\2021_princeton_chase.pdf
2021,Hidden River Chase,E00E9E1F5EA1ACD030BBEF84300FBB4C,data/raw/row2k\2021_hidden_river_chase.pdf
2021,Head of the Occoquan - Saturday,A961E602AF7903150A3D509677EF6C2B,data/raw/row2k\2021_head_of_the_occoquan_saturday.pdf
2021,Head of the Hooch - Saturday,95850A0524E6D25038A2237B17B46DA8,data/raw/row2k\2021_head_of_the_hooch_saturday.pdf
2021,Head of the Fish - All Results,36188439CF6E338453FB98721A2968D8,data/raw/row2k\2021_head_of_the_fish_all_results.pdf
2021,Head of the Schuylkill - Sunday,8C3E4DA4C90C062C3506EF3F2C2B790A,data/raw/row2k\2021_head_of_the_schuylkill_sunday.pdf
2021,Wormtown Chase,1C008481D87CC2A24338E708776090F9,data/raw/row2k\2021_wormtown_chase.pdf
2021,Head of the Bull Trout,7C32CB1BF60A5984A81978D6AD0B014C,data/raw/row2k\2021_head_of_the_bull_trout.pdf
2021,Head of the Schuylkill - Saturday,1DA9FC6292DAD09509F42FB020BC3080,
2021,Head of the Colorado,E3F3ABEE750DB51C34BC40E8A5B11C4F,
2021,The Occoquan Challenge,FD47F29092BA7CA35758A4474FD37F6C,data/raw/row2k\2021_the_occoquan_challenge.pdf
2021,Head of the Spokane,3947ED47D0B2F96AB12EEE7170F48213,
2021,The Iowa Chase,E3568472506B8E147C6BCFB73C22823C,data/raw/row2k\2021_the_iowa_chase.pdf
2021,Head of the Niagara Wright Regatta,5823DFD071007E9EB4A1415815DF50AB,data/raw/row2k\2021_head_of_the_niagara_wright_regatta.pdf
2021,Occoquan Chase,EA8B94A566633BEA4DB81BC5A4FD7585,data/raw/row2k\2021_occoquan_chase.pdf
2021,Head of the Grand,987C546C6803078F2EB580E8EA71F509,data/raw/row2k\2021_head_of_the_grand.pdf
2021,Head of the Muskingum 2021,C77068B2D4B28F3B74B7CA4891593C00,data/raw/row2k\2021_head_of_the_muskingum_2021.pdf
2021,Head of the Chickahominy,C9F88762C55A51948D8F0ED86E17D955,data/raw/row2k\2021_head_of_the_chickahominy.pdf
2021,Head of the Snake,4532BBB98588C709F3D24F1075EF8BFD,data/raw/row2k\2021_head_of_the_snake.pdf
2021,"Ocean City Chase Race: Ocean City, St. Augustine Prep, Haddonfield & Mainland Gi",FD9EE59DD47A3C415EC13DB364B424BE,
2021,Head of the Port,5266FC7C56B13355A31C54C1B2C1CCB9,data/raw/row2k\2021_head_of_the_port.pdf
2021,Head of the Chester Chase,F3E554E0E8C52E3E08D0D3E09190C153,data/raw/row2k\2021_head_of_the_chester_chase.pdf
2021,Hoover - Columbus Fall Classic,615B145FCB9A9AD1264E76A2C46F5D0E,data/raw/row2k\2021_hoover_columbus_fall_classic.pdf
2021,Head of the Housatonic,1102AC10228B96888172FCC3041C0CB8,data/raw/row2k\2021_head_of_the_housatonic.pdf
2021,Head of the Estuary,AE910212B651D08FC6549E32057DEE0D,data/raw/row2k\2021_head_of_the_estuary.pdf
2021,Head of the Oklahoma - Sunday,1567E6803BF8A7D426752D989A6BFD0F,data/raw/row2k\2021_head_of_the_oklahoma_sunday.pdf
2021,Head of the Riverfront,B4778A478CB2C1C511962DE558A79F6B,data/raw/row2k\2021_head_of_the_riverfront.pdf
2021,Christina Challenge,179BA9DCE4040079B22A7C76A51DBC3F,data/raw/row2k\2021_christina_challenge.pdf
2021,Tail of the Lake,4A8972EA7481A3412D1CFB33976E0B9C,data/raw/row2k\2021_tail_of_the_lake.pdf
2021,Head of the Ohio - Sunday,4C02C11C8E5447C5958401DD9679F017,data/raw/row2k\2021_head_of_the_ohio_sunday.pdf
2021,Textile River Regatta,B4D9584745193CBA010D651A0AAEE6A5,data/raw/row2k\2021_textile_river_regatta.pdf
2021,Head of the Oklahoma - Saturday,8AA656B37FC8034FA41AF99B23F498BA,data/raw/row2k\2021_head_of_the_oklahoma_saturday.pdf
2021,Head of the Ohio - Saturday,739C40A4C1F9AACD8D26BF67729DEF67,data/raw/row2k\2021_head_of_the_ohio_saturday.pdf
2021,Head of the Mississippi,873E6615D578048415E3C5C2413364AD,data/raw/row2k\2021_head_of_the_mississippi.pdf
2021,Scullers Head of the Potomac,3B15AE4165FBEBEAACC11C46D4300BDE,data/raw/row2k\2021_scullers_head_of_the_potomac.pdf
2021,"NEIRA Boys & Girls Eights, GUARDIAN CHASE REGATTA Glastonbury, Farmington, Avon",DD201054917F7AB545FD1A89EBF24B1C,
2021,Jack Nicholson Head of the Martindale,46E37891454A80A561A2B685D6C31C23,data/raw/row2k\2021_jack_nicholson_head_of_the_martindale.pdf
2021,Head of the Hudson,DAE9595E1BB606EB3BEC1198C946E721,data/raw/row2k\2021_head_of_the_hudson.pdf
2021,Head of the Cuyahoga,EDCD0112896F3024C53A62AB2A0C4CDA,data/raw/row2k\2021_head_of_the_cuyahoga.pdf
2021,CRI Fall Classic,EDF27B89F3C8967A0FBDE4CA2CCB3B9E,data/raw/row2k\2021_cri_fall_classic.pdf
2021,Head of the Ponds,0CCF5F1EB3DCFAA1C5447B9B77493532,data/raw/row2k\2021_head_of_the_ponds.pdf
2021,Schuylkill Navy Regatta,913A1395CEE5CDDD93E5931269419A85,data/raw/row2k\2021_schuylkill_navy_regatta.pdf
2021,"MD & DE Invitational - St. Andrew's School, Whitman, Bethesda-Chevy Chase, Walte",5FEBAB6231B889748730C083B214C623,
2021,"MD & DE Invitational (Boys): Bethesda-Chevy Chase, DeMatha, St. Andrew's, Walter",81D22E3DCBA6811CD57AE87F6086EB9A,
2021,Occoquan Duals AM 1: Syracuse vs. Navy Heavyweights,4D11494B1EDCC26E2A51222961800A55,
2021,"Occoquan Duals AM2: GW, Navy Lightweights, & Jacksonville",6EED9C9374FE042DBD3490CDA890CCCB,
2021,Occoquan Duals PM1: GW vs. Syracuse,BA98815AAE4D6C0F9192CC1B2DA67D63,
2021,Occoquan Duals PM2: Navy vs. Jacksonville,40DBF2E2404431474AC5C98589E5AC34,
2021,"High School: Bethesda-Chevy Chase HS, TBC Racing, and the Woodrow Wilson HS Boy",0981C4CA371BA10B5747B3B0EE89212A,
2021,"Bethesda- Chevy Chase HS, Woodrow Wilson High School, TBC Racing",D001C1C2269BEA0AF62963946DF0F33B,
2021,"St. Andrew's Regatta: St. Andrew's (DE), Bethesda-Chevy Chase, Lawrenceville",4A8588E287A26267E253CEC7CF5562B0,
2022,Head of the Harbor,AAF32BCF7FF418B5E02F72066387643A,data/raw/row2k\2022_head_of_the_harbor.pdf
2022,Philadelphia Frostbite Regatta,6DF0F45B7D37F5B18B00D24C06975C37,data/raw/row2k\2022_philadelphia_frostbite_regatta.pdf
2022,Foot of the Charles - Men's Racing,A40D61DA68461A73A77A5FBED9FD428E,data/raw/row2k\2022_foot_of_the_charles_men_s_racing.pdf
2022,Foot of the Charles - Women's Racing,CCFF743B5B4BD04283D71D056FB4F24E,data/raw/row2k\2022_foot_of_the_charles_women_s_racing.pdf
2022,Head of the Marina,F6CE785490347F04279C4372B9F17100,data/raw/row2k\2022_head_of_the_marina.pdf
2022,Head of the Hooch - Sunday,37D6F03AFAE757666B041B3657C3DD32,data/raw/row2k\2022_head_of_the_hooch_sunday.pdf
2022,Princeton Chase,C9589CFED3D1C55CCD5E0554C442313A,data/raw/row2k\2022_princeton_chase.pdf
2022,Hidden River Chase,1BA60531652C43DAEA6746B90328BC0A,data/raw/row2k\2022_hidden_river_chase.pdf
2022,Head of the Occoquan - Sunday,27192D76504C94D0D4371B7B1CB316A1,data/raw/row2k\2022_head_of_the_occoquan_sunday.pdf
2022,Mercer Fall Classic,402FBCBE01D1748F65F18E81FC2A9589,data/raw/row2k\2022_mercer_fall_classic.pdf
2022,Head of the Hooch - Saturday,A163DCED7EAAB00B7D1D0FD8EF2570A9,data/raw/row2k\2022_head_of_the_hooch_saturday.pdf
2022,Head of the Occoquan - Saturday,D88004F2D29B4A6BF900D97669BD44A6,data/raw/row2k\2022_head_of_the_occoquan_saturday.pdf
2022,Head of the Fish - Sunday,317FCFFB94244DF66C67B2670C606151,data/raw/row2k\2022_head_of_the_fish_sunday.pdf
2022,Head of the Schuylkill - Sunday,EF60D6A43D0A303DF528EFAAAF6BABA6,data/raw/row2k\2022_head_of_the_schuylkill_sunday.pdf
2022,Head of the Black Warrior River,28DB9F7BCFE0119FE0C0F043AAB88034,data/raw/row2k\2022_head_of_the_black_warrior_river.pdf
2022,Head of the Schuylkill - Saturday,64E56400E2D1835E1E1466F694A0B03C,data/raw/row2k\2022_head_of_the_schuylkill_saturday.pdf
2022,Head Of The Fish - Saturday,8D4BDB02122E400FDD67759C07E6679B,data/raw/row2k\2022_head_of_the_fish_saturday.pdf
2022,Head of the Bull Trout,7DDC8D639121F752716826ED00AC58A9,data/raw/row2k\2022_head_of_the_bull_trout.pdf
2022,Head of the American,0FE8A201C37C1B0DD28253EC8DE93A60,data/raw/row2k\2022_head_of_the_american.pdf
2022,Head of the Niagara & Wright Regatta,A23B2216A173EB08D26EEA5881107EC0,data/raw/row2k\2022_head_of_the_niagara_wright_regatta.pdf
2022,Occoquan Chase,E2890E7D66493FCA7199559715643252,data/raw/row2k\2022_occoquan_chase.pdf
2022,Head of the Chickahominy,3213E961F81D2B0639E835A738CF6E6B,data/raw/row2k\2022_head_of_the_chickahominy.pdf
2022,Head of the Snohomish,709B958C410DF7824B8AA46695449E70,data/raw/row2k\2022_head_of_the_snohomish.pdf
2022,Head of the Quinobequin,183EB6B8FD2D6874B4763994FE770564,data/raw/row2k\2022_head_of_the_quinobequin.pdf
2022,Overpeck Fall Classic,EC8FC9A7C6B8B1B430C5DCD8A4CB068F,data/raw/row2k\2022_overpeck_fall_classic.pdf
2022,Head of the Muskingum,66EA6693BD3E6C71561AA15DFEB4996F,data/raw/row2k\2022_head_of_the_muskingum.pdf
2022,Head of the Buffalo,8F5DDB8EBA96DDE8AF9652C2C2F40966,data/raw/row2k\2022_head_of_the_buffalo.pdf
2022,Head of the Kevin 3,E499BE95975ADEC801B02A53D2025817,data/raw/row2k\2022_head_of_the_kevin_3.pdf
2022,Head of the Spokane,071BDC967CE4A7C71B4A78B306A3581A,data/raw/row2k\2022_head_of_the_spokane.pdf
2022,Head of the Port,91C01C30E658FBDE981275CE627A1468,data/raw/row2k\2022_head_of_the_port.pdf
2022,American Lake Fall Classic,1000462B079DDDC8FEF5CEB20107FABA,data/raw/row2k\2022_american_lake_fall_classic.pdf
2022,Head of the Passaic,F8A8970BFCDF119F288C726EF400190C,data/raw/row2k\2022_head_of_the_passaic.pdf
2022,Occoquan Challenge,54E4E1D6B94D932D100835B58B4D408E,data/raw/row2k\2022_occoquan_challenge.pdf
2022,Head of the James,0F1EAEC294A01E52B1476264B9CC8D8C,data/raw/row2k\2022_head_of_the_james.pdf
2022,Head of the Housatonic,F53A11A40EE1B70CBBDEC8FEC2EC14C0,data/raw/row2k\2022_head_of_the_housatonic.pdf
2022,Hoover Fall Classic,4337B1DEFCF552BF7F841D879F2DBB00,data/raw/row2k\2022_hoover_fall_classic.pdf
2022,Head of the North,F337163AA974A37FB05696F7F63AC5AB,data/raw/row2k\2022_head_of_the_north.pdf
2022,Head of the Genesee,BEE0E9B9F3E05BA23FE6A97BFEE22EBD,data/raw/row2k\2022_head_of_the_genesee.pdf
2022,Head of the Estuary,3132813A65454CCF1E27871CCC4678EC,data/raw/row2k\2022_head_of_the_estuary.pdf
2022,Head of the Potomac,39223FCDE1D7E7B6CC2BA98D4C320E30,data/raw/row2k\2022_head_of_the_potomac.pdf
2022,Tail of the Lake,0F6E229C72DC54DA088493225809EA63,data/raw/row2k\2022_tail_of_the_lake.pdf
2022,Textile River Regatta,255A92EA5CAA106B4E7F564F0C6D9983,data/raw/row2k\2022_textile_river_regatta.pdf
2022,Head of The Christina,D30B080C749041AF1FCC3D066318FDE1,data/raw/row2k\2022_head_of_the_christina.pdf
2022,Head Of the Oklahoma - Sunday,A3B959DB2D12F21821EEC52E1B5C6761,data/raw/row2k\2022_head_of_the_oklahoma_sunday.pdf
2022,Head of the Ohio - Sunday,C6648AD6B56DE64F83E68C795D4D88B0,data/raw/row2k\2022_head_of_the_ohio_sunday.pdf
2022,Mohawk Fall Classic Regatta,7743910A50CFFFD15CC508BA0C75B4FC,data/raw/row2k\2022_mohawk_fall_classic_regatta.pdf
2022,Head of the Riverfront,0193AD2605B445935EC4DFCA4E7E96AC,data/raw/row2k\2022_head_of_the_riverfront.pdf
2022,Head of the Ohio - Saturday,863157DE86A8D469BF089BEA47C8F2B7,data/raw/row2k\2022_head_of_the_ohio_saturday.pdf
2022,Head Of the Oklahoma - Saturday,D681004BA823ADA61865900052F46480,data/raw/row2k\2022_head_of_the_oklahoma_saturday.pdf
2022,Head of the Hudson,DB7CA77BFCB42F17AEA7533461404796,data/raw/row2k\2022_head_of_the_hudson.pdf
2022,Head of the Nicomekl,3EE478CC56949CFAF1A09BC95B7A574B,data/raw/row2k\2022_head_of_the_nicomekl.pdf
2022,Head of the Saskatchewan,F8CC917D26CD102A2F1B35D2E16F10B8,data/raw/row2k\2022_head_of_the_saskatchewan.pdf
2022,Head of the Cuyahoga,824CA25B7320E6F9881CC1ED5DB69709,data/raw/row2k\2022_head_of_the_cuyahoga.pdf
2022,CRI Fall Classic,A2CB8357B865154DE9E19F5B4BE90835,data/raw/row2k\2022_cri_fall_classic.pdf
2022,Schuylkill Navy Regatta,9DBA1949B1AABDDDC2C5123F7147AAD8,data/raw/row2k\2022_schuylkill_navy_regatta.pdf
2022,Collegiate Charles River Racing,AA3CE51F51AB4D7B63F090335513890A,data/raw/row2k\2022_collegiate_charles_river_racing.pdf
2022,Occoquan Collegiate Invitational (AM Racing),5E20EED551B49D429747D41FAAA716A5,
2022,Occoquan Collegiate Invitational (PM Racing),7FAB9A74A09340A5E18D8D732DBB952C,
2022,"St. Andrew's Regatta #3 - Girls - St. Andrew's (DE), Bethesda-Chevy Chase HS (MD",3884F43EB2579BAA824FF9587C097AE0,
2022,Whitman/Yorktown/Bethesda-Chevy Chase Regatta,A22BCC3A0C1D7EA222A334065FD55457,data/raw/row2k\2022_whitman_yorktown_bethesda_chevy_chase_re.pdf
2023,Head of the (LA) Harbor,ACB93A4972B7D27ED39CBD00E211AFBC,
2023,San Diego Fall Classic,6910ED265B40CA6BAE7B11CBF169B6FB,
2023,"Foot of the Charles, Men",0DDEE0301AFA025EBCE5297811864141,data/raw/row2k\2023_foot_of_the_charles_men.pdf
2023,Head of the Arlington,35DEC119FC298531B4CE2BCE1A496A74,data/raw/row2k\2023_head_of_the_arlington.pdf
2023,"Foot of the Charles, Women",33CD42B3C71C0E39AD16CF6EDB45A4AE,
2023,Mercer Fall Classic,56A79263560410C8E8F3BCC4AFBF107B,
2023,Head of the Marina Regatta,7E2C3C48AAC6D0CAB494AEA8517C4D75,
2023,Heart of the Housatonic,8DE182D7BB4FAED682B612B3AC275BD3,
2023,"Washington College, Catholic University, St Mary's College; Head of the Chester",8A7049E38AF4D1548DDE82E0A79DB3EC,
2023,Tail of the Passaic: Nereid Boat Club vs. Connecticut Boat Club vs. Port Rowing,1A7E2EB89F0A6546C8AE905B51D4DFFD,
2023,Head Of the Oklahoma - Sunday,786C1B736FA1BC694B80CC1D7B790FB4,data/raw/row2k\2023_head_of_the_oklahoma_sunday.pdf
2023,Head of the Potomac,027CAC421CA9889183C4F249C17B4DAB,data/raw/row2k\2023_head_of_the_potomac.pdf
2023,Head of the Riverfront,BF7CC2C060EA6FCC5D395B34467EB4D6,data/raw/row2k\2023_head_of_the_riverfront.pdf
2023,WISCO Chase,B6B763E28E5453C26C9D2542C0D2FCE6,data/raw/row2k\2023_wisco_chase.pdf
2023,Head of the Trent Regatta,FC15EB45CEC922A0128D50481313692F,data/raw/row2k\2023_head_of_the_trent_regatta.pdf
2023,Mohawk Fall Classic Regatta,E99CF4FDF230A04BB7339BB0D244FBFB,data/raw/row2k\2023_mohawk_fall_classic_regatta.pdf
2023,Textile River Regatta,EE058909A47CF39EC7BA6E9B5983C413,data/raw/row2k\2023_textile_river_regatta.pdf
2023,Tail of the Lake,CA7AC657620E7C235E67F8DCDA8BCD0E,data/raw/row2k\2023_tail_of_the_lake.pdf
2023,Head of The Christina,7AB65873C28A8F3D66264EC45D70B1BC,data/raw/row2k\2023_head_of_the_christina.pdf
2023,Head Of the Oklahoma - Saturday,EF61FA0E25E83ADFB53C921C9585E9BE,data/raw/row2k\2023_head_of_the_oklahoma_saturday.pdf
2023,Head of the Grand,FE84694FBE1588EEAF899C1D96851DB3,data/raw/row2k\2023_head_of_the_grand.pdf
2023,Sweepers Head of the Potomac (SWHOP),5BFE91558C44983959F5EEC022DBAA95,data/raw/row2k\2023_sweepers_head_of_the_potomac_swhop.pdf
2023,Head of the Dog,A1FAA772472254F026662438EB54ADC1,data/raw/row2k\2023_head_of_the_dog.pdf
2023,Tail of the Fish,840DF43CB83F05A806C9A8E7FD813E8D,
2023,Guardian Chase,3D7654F80238B25D3999A7D6A419737F,data/raw/row2k\2023_guardian_chase.pdf
2023,Head of the Hudson,B6C0B09BB67A75C3C9E5E75A26DDFEAB,data/raw/row2k\2023_head_of_the_hudson.pdf
2023,Head of the Cuyahoga,ABEE4608E3042919158C8E049543EA2D,data/raw/row2k\2023_head_of_the_cuyahoga.pdf
2023,Occoquan Memorial Sprints,8885E8C6ADDCDD365754B18F115ADDAC,data/raw/row2k\2023_occoquan_memorial_sprints.pdf
2023,Schuylkill Navy Regatta,92D207FC1169F8DE59EBD78B0A125064,data/raw/row2k\2023_schuylkill_navy_regatta.pdf
2023,"Charles River Novice Extravaganza: Brookline, Boston Latin, & Cambridge Rindge &",55703123A3A250984E5D860A86D576E8,
2023,Charles River Racing Series #8,81207E0B003FF7D7F41D63546E9EF61F,data/raw/row2k\2023_charles_river_racing_series_8.pdf
2023,"St. Andrew's Regatta (boys): St. Andrew's (DE), Bethesda-Chevy Chase, Jackson-Re",A8D8E37280ECE38F3105FB70F4F8FB6C,
2023,Upper Schuylkill Challenge,13C370B089F2B71F6FDDEC73B94FE3A2,
2023,Charles River Racing Series #7,EC77E447D63FEDA39FD31427FA00001F,data/raw/row2k\2023_charles_river_racing_series_7.pdf
2023,"Upper Schuylkill Challenge - Washington College, Stockton University, Cabrini Un",34A4C191B30417F237393FAA61559BA3,
2023,Charles River Racing Series #6,56E4D0276C464EBCFD6DFB84981E441B,data/raw/row2k\2023_charles_river_racing_series_6.pdf
2023,Charles River Racing Series #5,B7EE25B6A7923008AC8AD162E0B16195,data/raw/row2k\2023_charles_river_racing_series_5.pdf
2023,Occoquan Collegiate Invitational (AM Racing),453ECCF297DA659E0D2D1B5C0ACE63E3,
2023,Occoquan Collegiate Invitational (PM Racing),61D3E8DA328CD0F7D5D0429F9D2C31A4,
2023,Charles River Racing Series #4,FC56B379544295B7F82C5DF8CED89986,data/raw/row2k\2023_charles_river_racing_series_4.pdf
2023,"GW Invitational Junior Racing Final (Jackson-Reed, Bethesda-Chevy Chase, Montcla",C8FBC8CEF718F5FC4C19B3D7A8235A03,
2023,"GW Invitational Junior Racing Heats (Jackson-Reed, Bethesda-Chevy Chase, Montcla",CE7644CD62332721BF55B4CAEF6192AF,
2023,Occoquan Sprints,D8017173160EDE42C756D37C68C5C90C,data/raw/row2k\2023_occoquan_sprints.pdf
2023,"Gonzaga College HS, Bethesda-Chevy Chase HS, DeMatha Catholic HS",34231DEDFC33F1F203E46A6EC58D7026,
2024,Foot of the Charles,C5416BBC10EE24FEC4BD0FBDBC671448,
2024,2024 Mercer Fall Classic,8C259599257D8DBDFA276CF23CD6D462,
2024,Heart of the Housatonic,0D93EBB759EF47AF4453AC37E612339D,
2024,Head of the Spokane,DD20181D2D62E7AC682907B98C614E07,data/raw/row2k\2024_head_of_the_spokane.pdf
2024,The Iowa Chase,4E77176E1C97B6C956C9D66D4A0D26D4,data/raw/row2k\2024_the_iowa_chase.pdf
2024,Head of the Muskingum,7EDCDDFF94A70D65B6CCD41EA60D4B8D,data/raw/row2k\2024_head_of_the_muskingum.pdf
2024,Head of the Riverfront,34387F76CC8469A5C4681FD5DA15B1E8,data/raw/row2k\2024_head_of_the_riverfront.pdf
2024,Head of the Trent,AD8A7ED566F1B56CC91D6277C9168009,data/raw/row2k\2024_head_of_the_trent.pdf
2024,Head of the Ohio,F3927490E27682A6F8C920F53E406F95,data/raw/row2k\2024_head_of_the_ohio.pdf
2024,WISCO Chase,13815DA5A706E0F99608C6F92D61EC6B,data/raw/row2k\2024_wisco_chase.pdf
2024,Textile River Regatta,D74F60F6203ED83AD5F631785D4305B4,data/raw/row2k\2024_textile_river_regatta.pdf
2024,Head Of the Oklahoma - Sunday,82AC8B35FC73D5664720E7F1889DCDF5,data/raw/row2k\2024_head_of_the_oklahoma_sunday.pdf
2024,Tail of the Lake,CDF42FF72B386F9B571BE3D9073725A0,data/raw/row2k\2024_tail_of_the_lake.pdf
2024,Overpeck Fall Classic,E002664467CA09E624EF85BB6393EB6F,data/raw/row2k\2024_overpeck_fall_classic.pdf
2024,Occoquan Challenge,5D53FDB382E66FD0976E0D3AF1F1A5A1,data/raw/row2k\2024_occoquan_challenge.pdf
2024,Head of the Port,96A62C80F8452614122B14CC03C14689,data/raw/row2k\2024_head_of_the_port.pdf
2024,Head of The Christina,D1319E02FC2DFE1DBBFC43D34227F878,data/raw/row2k\2024_head_of_the_christina.pdf
2024,Head of the Estuary,148D8A6CA3E9638FD37A7EF7C7791D28,data/raw/row2k\2024_head_of_the_estuary.pdf
2024,The Ocean City Chase Race,61331991F3455E9531A18399A72A0F2F,data/raw/row2k\2024_the_ocean_city_chase_race.pdf
2024,Head of the Henderson,F9105501CD25A060936C7273542A73CD,data/raw/row2k\2024_head_of_the_henderson.pdf
2024,Head Of the Oklahoma - Saturday,52FFA3386CB2E4131F295A1BABEC0294,data/raw/row2k\2024_head_of_the_oklahoma_saturday.pdf
2024,Head of the Grand,E1B7E54589F5EA5B2C268D3440CA86A3,
2024,Mohawk Fall Classic Regatta,A95E1C029B61CD1CFF81D20DA7A14C4E,data/raw/row2k\2024_mohawk_fall_classic_regatta.pdf
2024,"Chebacco Chase: Gordon College, Mass Maritime Academy, Wentworth Institute of Te",0F91046A84A11392A4C0E89ED44B684B,
2024,Winni Chase,29629D1B0DBD1B9AB3AD3AF2DB01F9B8,
2024,Head of the Chickahominy,7FF62D0B7DD5AC2BD969466804AE9312,data/raw/row2k\2024_head_of_the_chickahominy.pdf
2024,Occoquan Memorial Sprints,610DF93392680E58AA694D649685F1F1,data/raw/row2k\2024_occoquan_memorial_sprints.pdf
2024,"St. Andrew's Regatta # 4 (boys): St. Andrew's (DE), Bethesda-Chevy Chase, Gonzag",57F297AFC05AF3C7FE16AC26C05614A2,
2024,Occoquan Collegiate Invitational (AM Races),C630FB71B5536734B70C44E43014BC8F,
2024,Occoquan Collegiate Invitational (PM Finals),BCCAC3EC75606F3111CAC34A71B766D6,
2025,Fuß of the Charles,3050374662B87853D6C3B365D64D240E,
2025,Philadelphia Frostbite Regatta,8E81B0CCD2F1F4D8424AFD90C6800C96,data/raw/row2k\2025_philadelphia_frostbite_regatta.pdf
2025,Head of the Marina Regatta,9C74C2EA66BA4B258935817BD2341868,data/raw/row2k\2025_head_of_the_marina_regatta.pdf
2025,2025 Mercer Fall Classic,9D5A226237168DEA09462A976F8735ED,
2025,Heart of the Housatonic,CD53FF9241EBCC46BF2FF8EBF55FE7B7,data/raw/row2k\2025_heart_of_the_housatonic.pdf
2025,Head of the Kansas,3D0A28F6DC859CA03A49D45314120B6D,
2025,Head of the Potomac Regatta,3FCDF58E3FFECE8DA38A0547BD5C1457,data/raw/row2k\2025_head_of_the_potomac_regatta.pdf
2025,Charles River Sprints: CRI v Saugatuck v Greenwich,C0FA27AB39BCA6897CB160B9CAEB1585,
2025,"Belmont Hill, Brookline, CRI, Riverside, Wayland-Weston : ""Charles River Regiona",BEEE4F733AABB6C360D43025C9992683,
2025,"St. Andrew's Regatta #4 (boys): Kent, Bethesda-Chevy Chase, St. Joe's Jackson-Re",0F341CF96FEE12F48537160EC6F045BA,
2025,Charles River Racing Series #6,072A1D797A0939BEB0AB16C6FBF264EF,data/raw/row2k\2025_charles_river_racing_series_6.pdf
2025,Schuylkill Invitational: AM Racing,1F1730CEDC1E18E080AF86BCAEC7A1AF,
2025,Schuylkill Invitational: AM Racing,ED7AC00AD411E9ED0EB4A34AD4FFCE08,
2025,Schuylkill Invitational: AM Racing,0BA4FE2AC63CBDE3FE9525811E60C0D1,
2025,Schuylkill Invitational: AM Racing,5B2C1B8AE3F88D1FB8A828BE47353881,
2025,Schuylkill Invitational: PM Racing,FF19ECED4D206BAAFB649B84F405D5AC,
2025,Schuylkill Invitational: PM Racing,1D26A3C560E5791A668C4BED3544C083,
2025,Schuylkill Invitational: PM Racing,8BC6DFD34F1F12F9FC0B97E761B0C200,
2025,Schuylkill Invitational: PM Racing,B1CA763F23792EE4691FC1221D6662E4,
2025,Charles River Racing Series #4,27CBC9FD9DE3212A245110D9533ED035,data/raw/row2k\2025_charles_river_racing_series_4.pdf
2025,Charles River Racing Series #3,AA39159331AE88659C2813725714F59A,data/raw/row2k\2025_charles_river_racing_series_3.pdf
