# Coppel (2010) PhD thesis, section 3.5: CFD (SST k-omega) of the Big Blade at quarter scale, 0.75 m/s
# (Re 8.8e4, the flume's condition) and at full size, 5 m/s (Re 2.3e6), rigid lid (symmetry plane) at the
# surface. Read from Figs 3.25 (C_L) and 3.26 (C_D) at the computed angles and checked against Table 3.7's
# absolute differences (unmatched Re column), which they reproduce to the reading (+-0.02).
# Table 3.7 quotes the 90 deg drag difference as "35%": 0.49 is 35% of the FULL-size value, so full size is
# 0.735 of quarter scale there (not 0.65).
angle_deg,cl_quarter,cl_full,cd_quarter,cd_full,table37_dcl,table37_dcd
20,0.78,0.57,0.44,0.31,0.21,0.13
45,1.20,1.12,1.11,0.82,0.08,0.29
90,0.00,0.00,1.85,1.36,0.00,0.49
135,-1.30,-1.60,1.01,0.82,0.30,0.19
160,-0.97,-1.47,0.34,0.25,0.50,0.09
