# Cabrera, Ruina & Kleshnev (2006) Human Movement Science 25(2) 192-220, Fig. 3, measured curves
# (heavy lines): women's single, one stroke, T = 1.94 s. Extracted from the open preprint's vector
# figure (page 16) by research/cr06/extract_fig3.py; axes calibrated on the printed ticks.
# leg_disp_m = x_B/F (seat relative to foot), back_disp_m = x_S/B (shoulder relative to seat).
series,t_s,value
boat_velocity_mps,0.00031,3.78741
boat_velocity_mps,0.03937,3.47550
boat_velocity_mps,0.07844,3.21991
boat_velocity_mps,0.11750,3.09731
boat_velocity_mps,0.15584,3.08173
boat_velocity_mps,0.19490,3.09211
boat_velocity_mps,0.23396,3.08173
boat_velocity_mps,0.27303,3.06136
boat_velocity_mps,0.31209,3.06655
boat_velocity_mps,0.35115,3.10729
boat_velocity_mps,0.39021,3.16360
boat_velocity_mps,0.42856,3.24028
boat_velocity_mps,0.46762,3.33732
boat_velocity_mps,0.50668,3.45514
boat_velocity_mps,0.54574,3.58813
boat_velocity_mps,0.58481,3.74148
boat_velocity_mps,0.62387,3.90482
boat_velocity_mps,0.66293,4.06856
boat_velocity_mps,0.70127,4.22711
boat_velocity_mps,0.74033,4.37008
boat_velocity_mps,0.77940,4.46194
boat_velocity_mps,0.81846,4.49788
boat_velocity_mps,0.85752,4.49269
boat_velocity_mps,0.89658,4.47751
boat_velocity_mps,0.93565,4.45714
boat_velocity_mps,0.97404,4.44157
boat_velocity_mps,1.01311,4.44157
boat_velocity_mps,1.05217,4.47232
boat_velocity_mps,1.09123,4.51825
boat_velocity_mps,1.13029,4.55419
boat_velocity_mps,1.16936,4.56937
boat_velocity_mps,1.20842,4.57975
boat_velocity_mps,1.24676,4.59492
boat_velocity_mps,1.28582,4.62568
boat_velocity_mps,1.32488,4.67160
boat_velocity_mps,1.36395,4.72791
boat_velocity_mps,1.40301,4.87089
boat_velocity_mps,1.44207,4.94756
boat_velocity_mps,1.48113,5.02943
boat_velocity_mps,1.51948,5.09094
boat_velocity_mps,1.55854,5.12648
boat_velocity_mps,1.59760,5.12648
boat_velocity_mps,1.63666,5.09094
boat_velocity_mps,1.67573,5.02424
boat_velocity_mps,1.71479,4.93758
boat_velocity_mps,1.75385,4.83015
boat_velocity_mps,1.79219,4.69716
boat_velocity_mps,1.83125,4.53382
boat_velocity_mps,1.87032,4.33414
boat_velocity_mps,1.90938,4.08374
boat_velocity_mps,1.94844,3.78741
handle_force_N,0.00031,47.03640
handle_force_N,0.03961,52.88114
handle_force_N,0.07814,104.92476
handle_force_N,0.11738,187.56433
handle_force_N,0.15591,253.88945
handle_force_N,0.19521,287.07742
handle_force_N,0.23445,318.94397
handle_force_N,0.27298,359.95881
handle_force_N,0.31228,409.35959
handle_force_N,0.35081,453.62716
handle_force_N,0.39005,486.15442
handle_force_N,0.42858,514.76824
handle_force_N,0.46788,541.45076
handle_force_N,0.50712,557.05368
handle_force_N,0.54565,540.79005
handle_force_N,0.58495,484.17229
handle_force_N,0.62342,415.86504
handle_force_N,0.66272,352.79265
handle_force_N,0.70202,296.17489
handle_force_N,0.74049,240.21783
handle_force_N,0.77979,184.92149
handle_force_N,0.81832,125.76253
handle_force_N,0.85756,53.54185
handle_force_N,0.89609,-8.25994
handle_force_N,0.93539,-42.10862
handle_force_N,0.97463,-55.11953
handle_force_N,1.01316,-34.28175
handle_force_N,1.05246,-10.85196
handle_force_N,1.09099,-10.85196
handle_force_N,1.13023,-9.58136
handle_force_N,1.16953,-6.98935
handle_force_N,1.20806,-10.24207
handle_force_N,1.24730,-15.42611
handle_force_N,1.28583,-14.76540
handle_force_N,1.32513,-12.17338
handle_force_N,1.36360,-8.25994
handle_force_N,1.40290,-3.07591
handle_force_N,1.44220,3.42954
handle_force_N,1.48067,5.41167
handle_force_N,1.51997,0.83753
handle_force_N,1.55850,-1.75449
handle_force_N,1.59774,0.83753
handle_force_N,1.63704,7.34298
handle_force_N,1.67557,14.50914
handle_force_N,1.71481,19.69317
handle_force_N,1.75334,22.94590
handle_force_N,1.79264,24.26732
handle_force_N,1.83117,26.19862
handle_force_N,1.87041,31.43348
handle_force_N,1.90971,39.87024
handle_force_N,1.94824,47.03640
leg_disp_m,0.00031,0.00005
leg_disp_m,0.01016,0.00005
leg_disp_m,0.01996,0.00114
leg_disp_m,0.02975,0.00336
leg_disp_m,0.03961,0.00615
leg_disp_m,0.04863,0.01008
leg_disp_m,0.05394,0.01230
leg_disp_m,0.05849,0.01452
leg_disp_m,0.06828,0.02010
leg_disp_m,0.07814,0.02568
leg_disp_m,0.08793,0.03183
leg_disp_m,0.09773,0.03911
leg_disp_m,0.10758,0.04635
leg_disp_m,0.11738,0.05358
leg_disp_m,0.12192,0.05751
leg_disp_m,0.12723,0.06143
leg_disp_m,0.13703,0.06980
leg_disp_m,0.14611,0.07817
leg_disp_m,0.15591,0.08654
leg_disp_m,0.16570,0.09543
leg_disp_m,0.17556,0.10437
leg_disp_m,0.18535,0.11331
leg_disp_m,0.19521,0.12281
leg_disp_m,0.21480,0.14286
leg_disp_m,0.22465,0.15293
leg_disp_m,0.23445,0.16353
leg_disp_m,0.24353,0.17412
leg_disp_m,0.25333,0.18528
leg_disp_m,0.26318,0.19644
leg_disp_m,0.27298,0.20760
leg_disp_m,0.28277,0.21933
leg_disp_m,0.29263,0.23105
leg_disp_m,0.30242,0.24278
leg_disp_m,0.31228,0.25446
leg_disp_m,0.32207,0.26676
leg_disp_m,0.33116,0.27848
leg_disp_m,0.34095,0.29021
leg_disp_m,0.35075,0.30189
leg_disp_m,0.36060,0.31362
leg_disp_m,0.36585,0.31977
leg_disp_m,0.37040,0.32535
leg_disp_m,0.38025,0.33707
leg_disp_m,0.39984,0.35939
leg_disp_m,0.40970,0.36999
leg_disp_m,0.41949,0.38058
leg_disp_m,0.42858,0.39117
leg_disp_m,0.43837,0.40124
leg_disp_m,0.44823,0.41127
leg_disp_m,0.45802,0.42077
leg_disp_m,0.46782,0.43023
leg_disp_m,0.47767,0.43917
leg_disp_m,0.48747,0.44811
leg_disp_m,0.49732,0.45648
leg_disp_m,0.50712,0.46485
leg_disp_m,0.51620,0.47265
leg_disp_m,0.52600,0.47989
leg_disp_m,0.53579,0.48717
leg_disp_m,0.54565,0.49384
leg_disp_m,0.55544,0.49998
leg_disp_m,0.56530,0.50613
leg_disp_m,0.57509,0.51228
leg_disp_m,0.58489,0.51729
leg_disp_m,0.59474,0.52230
leg_disp_m,0.60454,0.52732
leg_disp_m,0.60908,0.52958
leg_disp_m,0.61362,0.53181
leg_disp_m,0.62342,0.53569
leg_disp_m,0.63327,0.53904
leg_disp_m,0.64307,0.54240
leg_disp_m,0.65286,0.54519
leg_disp_m,0.66272,0.54798
leg_disp_m,0.67251,0.55077
leg_disp_m,0.68237,0.55299
leg_disp_m,0.69216,0.55469
leg_disp_m,0.70196,0.55635
leg_disp_m,0.71104,0.55805
leg_disp_m,0.72084,0.55914
leg_disp_m,0.73069,0.56027
leg_disp_m,0.74049,0.56136
leg_disp_m,0.75034,0.56193
leg_disp_m,0.76993,0.56306
leg_disp_m,0.77979,0.56363
leg_disp_m,0.78958,0.56415
leg_disp_m,0.79867,0.56415
leg_disp_m,0.80846,0.56472
leg_disp_m,0.81832,0.56529
leg_disp_m,0.82811,0.56529
leg_disp_m,0.83791,0.56585
leg_disp_m,0.84776,0.56642
leg_disp_m,0.85231,0.56694
leg_disp_m,0.85756,0.56694
leg_disp_m,0.86741,0.56751
leg_disp_m,0.87721,0.56860
leg_disp_m,0.88700,0.56921
leg_disp_m,0.89455,0.56973
leg_disp_m,0.89609,0.57030
leg_disp_m,0.90588,0.57087
leg_disp_m,0.91574,0.57200
leg_disp_m,0.92553,0.57309
leg_disp_m,0.93539,0.57422
leg_disp_m,0.94518,0.57479
leg_disp_m,0.95498,0.57588
leg_disp_m,0.96483,0.57645
leg_disp_m,0.97463,0.57758
leg_disp_m,0.98448,0.57810
leg_disp_m,0.99351,0.57924
leg_disp_m,1.00336,0.57980
leg_disp_m,1.01316,0.58037
leg_disp_m,1.02295,0.58037
leg_disp_m,1.03281,0.58089
leg_disp_m,1.04260,0.58146
leg_disp_m,1.05246,0.58146
leg_disp_m,1.06225,0.58203
leg_disp_m,1.09624,0.58203
leg_disp_m,1.10078,0.58146
leg_disp_m,1.12043,0.58146
leg_disp_m,1.13023,0.58089
leg_disp_m,1.14002,0.58037
leg_disp_m,1.14988,0.57980
leg_disp_m,1.15967,0.57980
leg_disp_m,1.16953,0.57924
leg_disp_m,1.17855,0.57867
leg_disp_m,1.18841,0.57810
leg_disp_m,1.19820,0.57758
leg_disp_m,1.20800,0.57758
leg_disp_m,1.21785,0.57701
leg_disp_m,1.22765,0.57701
leg_disp_m,1.23750,0.57645
leg_disp_m,1.24730,0.57588
leg_disp_m,1.25709,0.57588
leg_disp_m,1.26618,0.57531
leg_disp_m,1.27597,0.57479
leg_disp_m,1.28583,0.57422
leg_disp_m,1.29562,0.57309
leg_disp_m,1.30548,0.57200
leg_disp_m,1.31527,0.57087
leg_disp_m,1.32507,0.56921
leg_disp_m,1.33492,0.56694
leg_disp_m,1.33947,0.56585
leg_disp_m,1.34472,0.56472
leg_disp_m,1.35457,0.56250
leg_disp_m,1.36360,0.55914
leg_disp_m,1.37345,0.55578
leg_disp_m,1.38325,0.55190
leg_disp_m,1.39304,0.54798
leg_disp_m,1.40290,0.54297
leg_disp_m,1.41269,0.53795
leg_disp_m,1.42255,0.53237
leg_disp_m,1.44214,0.52008
leg_disp_m,1.45199,0.51284
leg_disp_m,1.46102,0.50500
leg_disp_m,1.47087,0.49719
leg_disp_m,1.48067,0.48882
leg_disp_m,1.49052,0.47936
leg_disp_m,1.51011,0.46036
leg_disp_m,1.51997,0.44976
leg_disp_m,1.52976,0.43917
leg_disp_m,1.53962,0.42801
leg_disp_m,1.54865,0.41685
leg_disp_m,1.55850,0.40512
leg_disp_m,1.56829,0.39287
leg_disp_m,1.57809,0.38058
leg_disp_m,1.58340,0.37443
leg_disp_m,1.58794,0.36776
leg_disp_m,1.59774,0.35490
leg_disp_m,1.60759,0.34209
leg_disp_m,1.61739,0.32927
leg_disp_m,1.62718,0.31584
leg_disp_m,1.63704,0.30246
leg_disp_m,1.64607,0.28908
leg_disp_m,1.65592,0.27569
leg_disp_m,1.66571,0.26231
leg_disp_m,1.67557,0.24888
leg_disp_m,1.69516,0.22325
leg_disp_m,1.70501,0.21039
leg_disp_m,1.71481,0.19757
leg_disp_m,1.72466,0.18528
leg_disp_m,1.73446,0.17303
leg_disp_m,1.74354,0.16130
leg_disp_m,1.75334,0.14958
leg_disp_m,1.76313,0.13842
leg_disp_m,1.77299,0.12726
leg_disp_m,1.78278,0.11610
leg_disp_m,1.79264,0.10550
leg_disp_m,1.80243,0.09543
leg_disp_m,1.81223,0.08541
leg_disp_m,1.82208,0.07590
leg_disp_m,1.82663,0.07146
leg_disp_m,1.83111,0.06644
leg_disp_m,1.84096,0.05751
leg_disp_m,1.85076,0.04914
leg_disp_m,1.86061,0.04077
leg_disp_m,1.87041,0.03353
leg_disp_m,1.88020,0.02625
leg_disp_m,1.89006,0.02010
leg_disp_m,1.89985,0.01452
leg_disp_m,1.90971,0.01008
leg_disp_m,1.91950,0.00615
leg_disp_m,1.92859,0.00284
leg_disp_m,1.93839,0.00114
leg_disp_m,1.94818,0.00005
oar_angle_deg,0.00031,60.48455
oar_angle_deg,0.03914,59.56882
oar_angle_deg,0.07792,57.09636
oar_angle_deg,0.11744,53.97271
oar_angle_deg,0.15627,50.84907
oar_angle_deg,0.23383,44.33723
oar_angle_deg,0.27340,40.68450
oar_angle_deg,0.31218,36.77740
oar_angle_deg,0.35096,32.48366
oar_angle_deg,0.38979,28.05765
oar_angle_deg,0.42857,23.36709
oar_angle_deg,0.46809,18.42217
oar_angle_deg,0.50692,13.21270
oar_angle_deg,0.54570,7.87096
oar_angle_deg,0.58453,2.27485
oar_angle_deg,0.62405,-3.33143
oar_angle_deg,0.66283,-9.19208
oar_angle_deg,0.70166,-14.92046
oar_angle_deg,0.74044,-20.64884
oar_angle_deg,0.77921,-26.12285
oar_angle_deg,0.81879,-31.33232
oar_angle_deg,0.85757,-35.75833
oar_angle_deg,0.89634,-39.27879
oar_angle_deg,0.93518,-41.88353
oar_angle_deg,0.97470,-43.44026
oar_angle_deg,1.01347,-44.35599
oar_angle_deg,1.05231,-44.09145
oar_angle_deg,1.09108,-43.05362
oar_angle_deg,1.12992,-41.10007
oar_angle_deg,1.16944,-38.36307
oar_angle_deg,1.20822,-34.72051
oar_angle_deg,1.24705,-30.41659
oar_angle_deg,1.28583,-25.33940
oar_angle_deg,1.32535,-19.86539
oar_angle_deg,1.36418,-14.00474
oar_angle_deg,1.40296,-7.62517
oar_angle_deg,1.44173,-1.11334
oar_angle_deg,1.48057,5.65287
oar_angle_deg,1.52009,12.29697
oar_angle_deg,1.55886,18.94108
oar_angle_deg,1.59770,25.45291
oar_angle_deg,1.63647,31.70020
oar_angle_deg,1.67531,37.69313
oar_angle_deg,1.71483,43.28924
oar_angle_deg,1.75360,48.11206
oar_angle_deg,1.79244,52.15144
oar_angle_deg,1.83121,55.40735
oar_angle_deg,1.87073,58.01209
oar_angle_deg,1.90957,59.83337
oar_angle_deg,1.94834,60.48455
back_disp_m,0.00031,-0.00000
back_disp_m,0.03961,0.01301
back_disp_m,0.07814,0.03256
back_disp_m,0.11738,0.05392
back_disp_m,0.15591,0.07067
back_disp_m,0.19521,0.08092
back_disp_m,0.23445,0.08604
back_disp_m,0.27298,0.08881
back_disp_m,0.31228,0.09160
back_disp_m,0.35075,0.09487
back_disp_m,0.39005,0.10185
back_disp_m,0.42858,0.11395
back_disp_m,0.46782,0.13161
back_disp_m,0.50712,0.15672
back_disp_m,0.54565,0.18928
back_disp_m,0.58489,0.22696
back_disp_m,0.62342,0.26744
back_disp_m,0.66272,0.30603
back_disp_m,0.70196,0.33721
back_disp_m,0.74049,0.35952
back_disp_m,0.77979,0.37580
back_disp_m,0.81832,0.38604
back_disp_m,0.85756,0.39255
back_disp_m,0.89609,0.39626
back_disp_m,0.93539,0.39767
back_disp_m,0.97463,0.39767
back_disp_m,1.01316,0.39673
back_disp_m,1.05246,0.39535
back_disp_m,1.09099,0.39070
back_disp_m,1.13023,0.38092
back_disp_m,1.16953,0.36744
back_disp_m,1.20806,0.34742
back_disp_m,1.24730,0.32278
back_disp_m,1.28583,0.29440
back_disp_m,1.32513,0.26322
back_disp_m,1.36360,0.22976
back_disp_m,1.40290,0.19535
back_disp_m,1.44220,0.16232
back_disp_m,1.48067,0.13114
back_disp_m,1.51997,0.10370
back_disp_m,1.55850,0.07950
back_disp_m,1.59774,0.05999
back_disp_m,1.63704,0.04324
back_disp_m,1.67557,0.02976
back_disp_m,1.71481,0.01813
back_disp_m,1.75334,0.00697
back_disp_m,1.79264,-0.00189
back_disp_m,1.83117,-0.00840
back_disp_m,1.87041,-0.01072
back_disp_m,1.90971,-0.00792
back_disp_m,1.94824,-0.00000
