# Kleshnev (2005) ISBS XXIII 130-133, Fig. 1, on-water ('Boat') recovery branch: velocities in m/s
# (negative: towards the bow) against drive length in %, the handle returning 100% -> 0%. Digitised
# by research/k05/extract_fig1_cycle.py (bottom-most black run per column); about +-0.03 m/s.
length_pct,handle_speed,legs_velocity,trunk_velocity,arms_velocity
0,0.000,-0.655,-0.134,-0.033
1,-1.220,-0.655,-0.134,-0.029
2,-1.220,-0.655,-0.157,-0.032
3,-1.220,-0.670,-0.185,-0.039
4,-1.220,-0.746,-0.207,-0.158
5,-1.220,-0.823,-0.217,-0.163
6,-1.279,-0.900,-0.242,-0.173
7,-1.353,-0.977,-0.253,-0.174
8,-1.457,-1.055,-0.265,-0.181
9,-1.535,-1.100,-0.269,-0.221
10,-1.586,-1.157,-0.280,-0.228
11,-1.647,-1.194,-0.282,-0.238
12,-1.701,-1.240,-0.295,-0.261
13,-1.786,-1.249,-0.301,-0.265
14,-1.809,-1.247,-0.311,-0.204
15,-1.850,-1.245,-0.320,-0.173
16,-1.894,-1.243,-0.330,-0.175
17,-1.952,-1.240,-0.341,-0.190
18,-1.978,-1.238,-0.352,-0.217
19,-2.012,-1.236,-0.362,-0.244
20,-2.043,-1.234,-0.373,-0.271
21,-2.064,-1.231,-0.383,-0.297
22,-2.085,-1.229,-0.394,-0.324
23,-2.098,-1.227,-0.404,-0.351
24,-2.121,-1.225,-0.415,-0.378
25,-2.139,-1.223,-0.426,-0.405
26,-2.158,-1.220,-0.435,-0.432
27,-2.177,-1.218,-0.443,-0.459
28,-2.195,-1.216,-0.462,-0.482
29,-2.213,-1.214,-0.470,-0.488
30,-2.232,-1.212,-0.488,-0.501
31,-2.254,-1.209,-0.511,-0.512
32,-2.266,-1.207,-0.533,-0.523
33,-2.281,-1.205,-0.556,-0.534
34,-2.294,-1.203,-0.578,-0.547
35,-2.306,-1.200,-0.601,-0.563
36,-2.324,-1.184,-0.623,-0.573
37,-2.335,-1.164,-0.646,-0.586
38,-2.338,-1.135,-0.668,-0.599
39,-2.350,-1.109,-0.691,-0.612
40,-2.358,-1.083,-0.713,-0.626
41,-2.364,-1.049,-0.736,-0.642
42,-2.377,-1.021,-0.758,-0.658
43,-2.391,-0.990,-0.781,-0.671
44,-2.410,-0.957,-0.803,-0.684
45,-2.426,-0.923,-0.826,-0.701
46,-2.438,-0.889,-0.848,-0.716
47,-2.445,-0.855,-0.871,-0.729
48,-2.462,-0.830,-0.893,-0.748
49,-2.462,-0.800,-0.916,-0.768
50,-2.465,-0.766,-0.938,-0.789
51,-2.474,-0.732,-0.961,-0.811
52,-2.474,-0.700,-0.983,-0.830
53,-2.480,-0.661,-1.006,-0.851
54,-2.480,-0.635,-1.024,-0.869
55,-2.486,-0.599,-1.034,-0.894
56,-2.491,-0.566,-1.042,-0.915
57,-2.497,-0.533,-1.054,-0.938
58,-2.481,-0.500,-1.060,-0.960
59,-2.474,-0.458,-1.070,-0.983
60,-2.462,-0.419,-1.089,-1.011
61,-2.462,-0.431,-1.086,-1.035
62,-2.462,-0.509,-1.089,-1.057
63,-2.474,-0.444,-1.092,-1.075
64,-2.457,-0.380,-1.095,-1.097
65,-2.451,-0.315,-1.095,-1.116
66,-2.443,-0.251,-1.095,-1.130
67,-2.428,-0.229,-1.093,-1.136
68,-2.428,-0.207,-1.089,-1.139
69,-2.416,-0.184,-1.085,-1.139
70,-2.402,-0.158,-1.080,-1.139
71,-2.371,-0.137,-1.077,-1.139
72,-2.340,-0.119,-1.070,-1.139
73,-2.309,-0.098,-1.057,-1.139
74,-2.278,-0.080,-1.042,-1.139
75,-2.248,-0.062,-1.030,-1.139
76,-2.217,-0.042,-1.012,-1.139
77,-2.186,-0.033,-0.996,-1.139
78,-2.155,-0.030,-0.985,-1.139
79,-2.124,-0.024,-0.498,-1.139
80,-2.093,-0.024,-0.224,-1.139
81,-2.063,-0.024,-0.911,-1.139
82,-2.032,-0.024,-0.877,-1.139
83,-2.001,-0.024,-0.843,-1.139
84,-1.970,-0.024,-0.809,-1.139
85,-1.939,-0.024,-0.780,-1.139
86,-1.908,-0.024,-0.748,-1.139
87,-1.878,-0.024,-0.716,-1.139
88,-1.847,-0.024,-0.681,-1.139
89,-1.808,-0.024,-0.634,-1.139
90,-1.755,-0.024,-0.590,-1.139
91,-1.702,-0.024,-0.550,-1.139
92,-1.617,-0.024,-0.509,-1.128
93,-1.541,-0.024,-0.471,-1.094
94,-1.451,-0.024,-0.431,-1.045
95,-1.332,-0.024,-0.390,-0.979
96,-1.220,-0.024,-0.333,-0.899
97,-1.069,-0.024,-0.109,-0.772
98,-0.894,-0.024,-0.243,-0.591
99,-0.698,-0.024,-0.179,-0.447
100,0.000,-0.024,-0.113,-0.189
