# Kleshnev (2005) ISBS XXIII 130-133, Fig. 1, on-water ('Boat') drive branch: five female
# scullers, 1.80 m, 72.2 kg, racing rate (32.3 spm), drive length 1.59 m. Digitised from the
# 300 dpi scan by research/k05/extract_fig1.py (darkest ink, topmost run per column); velocities
# in m/s against drive length in %; about +-0.03 m/s from the pixel scale and the line width.
# handle_force_N: the on-water handle force panel, same digitisation, about +-10 N.
length_pct,handle_speed,legs_velocity,trunk_velocity,arms_velocity,handle_force_N
0,0.971,0.649,0.179,0.176,109.7
1,0.971,0.649,0.213,0.174,128.2
2,0.971,0.649,0.260,0.153,163.3
3,1.069,0.744,0.292,0.133,198.7
4,1.139,0.936,0.308,0.112,234.8
5,1.194,0.958,0.318,0.091,278.1
6,1.249,1.045,0.310,0.070,316.6
7,1.295,0.958,0.292,0.049,355.3
8,1.318,0.998,0.274,0.028,385.4
9,1.329,1.020,0.254,0.023,411.8
10,1.345,1.039,0.222,0.138,354.3
11,1.364,1.050,0.191,0.061,11.8
12,1.387,1.062,0.188,0.082,399.5
13,1.399,1.067,0.170,0.117,487.2
14,1.424,1.074,0.152,0.148,500.7
15,1.434,1.078,0.149,0.174,507.8
16,1.455,1.077,0.149,0.198,453.0
17,1.489,1.093,0.158,0.226,7.9
18,1.532,1.094,0.173,0.251,525.0
19,1.568,1.086,0.188,0.273,531.3
20,1.600,1.089,0.207,0.290,539.4
21,1.633,1.086,0.225,0.306,548.2
22,1.667,1.086,0.250,0.327,558.4
23,1.702,1.083,0.269,0.341,566.5
24,1.737,1.077,0.289,0.356,575.2
25,1.772,1.071,0.311,0.371,581.7
26,1.807,1.065,0.333,0.384,587.8
27,1.832,1.060,0.351,0.397,592.3
28,1.855,1.044,0.394,0.410,597.1
29,1.884,1.030,0.438,0.421,601.3
30,1.902,1.022,0.475,0.430,605.9
31,1.925,1.011,0.501,0.443,607.8
32,1.942,0.997,0.541,0.449,609.0
33,1.969,0.986,0.576,0.463,609.8
34,1.988,0.970,0.614,0.472,611.7
35,2.017,0.947,0.665,0.482,610.8
36,2.040,0.924,0.719,0.490,608.3
37,2.065,0.896,0.766,0.495,605.9
38,2.084,0.873,0.807,0.501,604.8
39,2.104,0.848,0.851,0.508,603.0
40,2.127,0.814,0.894,0.515,599.3
41,2.150,0.784,0.946,0.521,596.1
42,2.173,0.756,0.984,0.528,591.5
43,2.191,0.785,1.026,0.534,586.5
44,2.205,0.699,1.069,0.543,580.7
45,2.225,0.670,1.108,0.553,575.5
46,2.238,0.638,1.146,0.566,570.0
47,2.248,0.607,1.184,0.579,564.2
48,2.260,0.575,1.210,0.592,556.1
49,2.272,0.546,1.236,0.605,549.3
50,2.283,0.515,1.249,0.620,541.0
51,2.289,0.484,1.248,0.641,531.9
52,2.301,0.461,1.246,0.661,524.2
53,2.312,0.648,1.243,0.680,514.8
54,2.324,0.409,1.241,0.701,505.5
55,2.332,0.387,1.238,0.730,495.8
56,2.341,0.496,1.236,0.759,484.0
57,2.353,0.345,1.233,0.793,474.8
58,2.364,0.325,1.231,0.830,462.8
59,2.370,0.300,1.228,0.872,449.3
60,2.387,0.280,1.226,0.913,438.6
61,2.393,0.268,1.223,0.962,425.6
62,2.393,0.255,1.204,1.010,413.4
63,2.387,0.238,1.160,1.055,401.1
64,2.387,0.229,1.133,1.094,388.4
65,2.387,0.206,1.101,1.139,376.6
66,2.387,0.192,1.070,1.184,368.2
67,2.387,0.181,1.023,1.229,358.8
68,2.387,0.170,0.999,1.268,351.3
69,2.387,0.159,0.954,1.310,342.1
70,2.387,0.147,0.904,1.345,332.4
71,2.382,0.133,0.871,1.385,321.3
72,2.382,0.122,0.849,1.419,315.1
73,2.376,0.107,0.809,1.456,346.6
74,2.358,0.098,0.763,1.484,298.3
75,2.347,0.091,0.723,1.514,290.9
76,2.324,0.085,0.682,1.540,284.5
77,2.301,0.078,0.650,1.560,277.7
78,2.286,0.072,0.622,1.581,270.6
79,2.266,0.065,0.572,1.601,264.9
80,2.234,0.059,0.543,1.621,257.8
81,2.199,0.053,0.500,1.637,248.3
82,2.173,0.046,0.466,1.645,239.3
83,2.139,0.040,0.424,1.650,228.8
84,2.110,0.033,0.386,1.654,219.5
85,2.089,0.027,0.343,1.654,209.3
86,2.040,0.020,0.300,1.654,107.6
87,1.997,0.019,0.272,1.637,187.4
88,1.948,0.018,0.245,1.621,172.4
89,1.905,0.018,0.217,1.597,160.7
90,1.833,0.018,0.189,1.569,148.1
91,1.749,0.018,0.162,1.539,131.8
92,1.709,0.018,0.116,1.499,117.5
93,1.649,0.018,0.087,1.428,100.2
94,1.595,0.018,0.062,1.337,84.4
95,1.495,0.018,0.033,1.257,102.9
96,1.393,0.018,0.021,1.148,47.9
97,1.291,0.018,0.021,1.067,31.2
98,1.185,0.018,0.021,0.841,10.2
99,1.027,0.018,0.021,0.589,7.0
100,0.954,0.018,0.021,0.036,7.0
