# Kleshnev (2005) ISBS XXIII 130-133, Fig. 1, boat acceleration on water against cycle time (%).
# The time origin is not the catch (the catch dip is near 27%). Digitised by
# research/k05/extract_fig1_cycle.py (mean row of the black ink per column); about +-0.2 m/s^2.
cycle_pct,acceleration_mps2
0,1.637
1,1.637
2,1.637
3,1.840
4,1.676
5,1.486
6,1.263
7,1.025
8,0.724
9,0.427
10,0.120
11,-0.098
12,-0.567
13,-1.040
14,-1.471
15,-1.909
16,-2.273
17,-2.726
18,-3.376
19,-3.777
20,-4.255
21,-4.540
22,-5.088
23,-5.699
24,-6.309
25,-7.053
26,-7.724
27,-7.854
28,-7.900
29,-7.615
30,-7.235
31,-6.296
32,-4.979
33,-2.801
34,-1.278
35,-0.044
36,0.802
37,1.182
38,1.186
39,1.084
40,0.881
41,0.683
42,0.547
43,0.578
44,0.806
45,1.144
46,1.496
47,1.837
48,2.043
49,2.204
50,2.332
51,2.458
52,2.629
53,2.819
54,2.937
55,3.162
56,0.003
57,3.461
58,3.428
59,3.282
60,3.229
61,3.260
62,3.260
63,3.123
64,2.839
65,2.602
66,2.489
67,2.286
68,2.023
69,1.609
70,1.313
71,0.912
72,0.547
73,0.225
74,-0.066
75,-0.219
76,-0.877
77,-0.957
78,0.037
79,0.177
80,0.278
81,0.335
82,0.473
83,0.663
84,0.760
85,0.492
86,0.226
87,0.206
88,0.284
89,0.353
90,0.455
91,0.610
92,0.813
93,1.105
94,1.409
95,1.482
96,1.482
97,1.487
98,1.582
99,1.740
100,1.740
